,Date,Open,High,Low,Close,Adj Close,Volume,MA10,MA50,Shares,Close1,Profit
49,2015-03-13,22.559999,22.76,22.25,22.700001,22.116024,8982200,22.6480001,21.01739996,1,22.969999,0.26999800000000107
50,2015-03-16,22.879999,23.110001,22.73,22.969999,22.379078,5923900,22.685000000000002,21.075799959999998,1,23.25,0.2800009999999986
51,2015-03-17,22.92,23.26,22.76,23.25,22.651876,7497500,22.792,21.13819998,1,22.870001,-0.37999900000000153
52,2015-03-18,23.25,23.370001,22.66,22.870001,22.281652,10337600,22.8360001,21.19979998,1,23.219999,0.3499980000000029
53,2015-03-19,22.950001,23.299999,22.780001,23.219999,22.62265,7768900,22.8719999,21.28039994,1,23.469999,0.25
54,2015-03-20,23.41,23.610001,23.190001,23.469999,22.866215,11552100,22.9639999,21.36699994,1,22.709999,-0.7600000000000016
55,2015-03-23,22.77,23.07,22.700001,22.709999,22.125767,10595700,22.9739997,21.4239999,1,22.4,-0.30999900000000125
56,2015-03-24,22.639999,22.799999,22.299999,22.4,21.823744,8262000,22.913999699999998,21.473199880000003,1,21.040001,-1.3599989999999984
57,2015-03-25,22.389999,22.389999,20.969999,21.040001,20.49873,13563800,22.7299999,21.50019988,1,20.969999,-0.07000199999999879
58,2015-03-26,20.610001,21.059999,20.459999,20.969999,20.430529,7798000,22.5599998,21.52639986,1,21.379999,0.41000000000000014
59,2015-03-27,21.09,21.459999,20.75,21.379999,20.829983,7940200,22.4279996,21.55919984,1,21.469999,0.08999999999999986
60,2015-03-30,21.48,21.58,21.200001,21.469999,20.917669,6331300,22.277999599999998,21.59659982,1,20.93,-0.5399990000000017
61,2015-03-31,21.41,21.43,20.91,20.93,20.39156,8931900,22.0459996,21.61599984,1,21.01,0.08000000000000185
62,2015-04-01,21.01,21.08,20.65,21.01,20.469501,8228300,21.8599995,21.63579984,1,21.059999,0.04999899999999968
63,2015-04-02,21.129999,21.190001,20.879999,21.059999,20.518215,4805100,21.6439995,21.65099984,0,21.67,0.0
64,2015-04-06,20.969999,21.74,20.75,21.67,21.112526000000003,12896600,21.4639996,21.67139984,0,21.860001,0.0
65,2015-04-07,21.67,22.1,21.549999,21.860001,21.297634,10349100,21.378999800000003,21.694399880000002,0,22.02,0.0
66,2015-04-08,21.879999,22.1,21.67,22.02,21.453518,9160800,21.3409998,21.72239986,0,22.530001,0.0
67,2015-04-09,21.85,22.6,21.84,22.530001,21.950401,9485800,21.4899998,21.780399900000003,0,22.76,0.0
68,2015-04-10,22.549999,22.77,22.469999,22.76,22.17448,6468200,21.668999900000003,21.84939992,0,22.549999,0.0
69,2015-04-13,22.709999,22.84,22.450001,22.549999,21.969885,5918100,21.7859999,21.90479988,0,22.360001,0.0
70,2015-04-14,22.459999,22.549999,22.139999,22.360001,21.784773,5441000,21.8750001,21.967999879999997,0,22.629999,0.0
71,2015-04-15,22.42,22.799999,22.309999,22.629999,22.047825,6089000,22.045,22.02819984,1,22.49,-0.1399990000000031
72,2015-04-16,22.5,22.690001,22.33,22.49,21.911432,3882100,22.193,22.075799819999997,1,22.200001,-0.2899989999999981
73,2015-04-17,22.02,22.42,22.01,22.200001,21.628889,7340900,22.307000199999997,22.116599840000003,1,22.09,-0.11000100000000046
74,2015-04-20,22.299999,22.440001,22.049999,22.09,21.521719,5739500,22.3490002,22.148599840000003,1,22.059999,-0.030000999999998612
75,2015-04-21,22.360001,22.360001,21.950001,22.059999,21.492489000000003,5761400,22.369,22.181799820000002,1,22.309999,0.25
76,2015-04-22,22.190001,22.34,21.85,22.309999,21.736061,5185500,22.397999900000002,22.22039982,1,22.219999,-0.08999999999999986
77,2015-04-23,21.9,22.43,21.65,22.219999,21.648373,6484500,22.3669997,22.245799780000002,1,22.030001,-0.18999800000000278
78,2015-04-24,22.209999,22.219999,21.780001,22.030001,21.463264,6024000,22.2939998,22.270199820000002,1,22.200001,0.1700000000000017
79,2015-04-27,22.1,22.59,21.91,22.200001,21.628889,6211400,22.259,22.26819986,0,22.309999,0.0
80,2015-04-28,22.16,22.389999,21.950001,22.309999,21.736061,5862100,22.2539998,22.268199860000003,0,22.139999,0.0
81,2015-04-29,22.15,22.370001,22.049999,22.139999,21.570431,4878900,22.2049998,22.263399860000003,0,22.200001,0.0
82,2015-04-30,22.030001,22.309999,21.98,22.200001,21.628889,5471100,22.1759999,22.264999860000003,0,22.75,0.0
83,2015-05-01,22.379999,22.82,22.280001,22.75,22.164743,6424200,22.2309998,22.27639986,0,22.610001,0.0
84,2015-05-04,22.73,22.879999,22.540001,22.610001,22.028341,5018000,22.2829999,22.281799879999998,1,22.030001,-0.5800000000000018
85,2015-05-05,22.530001,22.559999,21.93,22.030001,21.463264,7323200,22.280000100000002,22.279199900000002,1,22.1,0.06999900000000281
86,2015-05-06,22.15,22.360001,21.809999,22.1,21.531462,7912100,22.2590002,22.27499992,0,22.49,0.0
87,2015-05-07,22.01,22.559999,21.940001,22.49,21.911432,13364100,22.286000299999998,22.281999940000002,1,20.83,-1.6600000000000001
88,2015-05-08,21.01,21.84,20.49,20.83,20.294132,28663800,22.1660002,22.25459992,0,20.629999,0.0
89,2015-05-11,20.540001,20.84,20.379999,20.629999,20.099277,13603600,22.009,22.22599992,0,20.83,0.0
90,2015-05-12,20.48,21.0,20.469999,20.83,20.294132,9720000,21.861000100000002,22.190599920000004,0,20.950001,0.0
91,2015-05-13,20.98,21.139999,20.75,20.950001,20.411047,7713100,21.7420003,22.165999940000003,0,21.290001,0.0
92,2015-05-14,21.01,21.4,20.959999,21.290001,20.742302,7326300,21.6510003,22.14319996,0,21.299999,0.0
93,2015-05-15,21.379999,21.48,21.17,21.299999,20.752039,5395600,21.5060002,22.11199992,0,21.27,0.0
94,2015-05-18,21.25,21.4,21.15,21.27,20.722815,8121800,21.372000099999998,22.08639994,0,21.040001,0.0
95,2015-05-19,21.200001,21.27,21.0,21.040001,20.593618,6345200,21.2730001,22.054999940000002,0,21.040001,0.0
96,2015-05-20,21.049999,21.299999,21.02,21.040001,20.593618,4920600,21.167000199999997,22.015799960000002,0,20.889999,0.0
97,2015-05-21,21.049999,21.139999,20.870001,20.889999,20.446796,5992300,21.007000100000003,21.975999960000003,0,20.860001,0.0
98,2015-05-22,20.940001,21.02,20.809999,20.860001,20.417433,5314800,21.0100002,21.939799980000004,0,20.73,0.0
99,2015-05-26,20.76,20.9,20.57,20.73,20.290192,6493300,21.0200003,21.900399960000005,0,21.84,0.0
100,2015-05-27,20.870001,21.940001,20.799999,21.84,21.376638,10808300,21.1210003,21.87779998,0,22.139999,0.0
101,2015-05-28,21.84,22.209999,21.799999,22.139999,21.670277,8191400,21.2400001,21.85559996,0,22.129999,0.0
102,2015-05-29,22.139999,22.280001,22.1,22.129999,21.660488,8324900,21.3239999,21.84079992,0,22.379999,0.0
103,2015-06-01,22.27,22.6,22.129999,22.379999,21.905184,9316500,21.4319999,21.823999920000002,0,21.940001,0.0
104,2015-06-02,22.24,22.360001,21.92,21.940001,21.47452,5544000,21.499000000000002,21.79339996,0,21.700001,0.0
105,2015-06-03,22.0,22.17,21.66,21.700001,21.239611,6269700,21.565,21.773200000000003,0,22.09,0.0
106,2015-06-04,21.57,22.16,21.57,22.09,21.621336,8092800,21.6699999,21.767000000000003,0,22.26,0.0
107,2015-06-05,22.02,22.360001,21.790001,22.26,21.787731,7833000,21.807,21.79139998,1,21.75,-0.5100000000000016
108,2015-06-08,22.190001,22.34,21.5,21.75,21.288551,8549500,21.8959999,21.807,1,21.860001,0.11000100000000046
109,2015-06-09,21.77,22.02,21.73,21.860001,21.396215,6422200,22.009,21.816600039999997,1,21.469999,-0.39000199999999907
110,2015-06-10,21.6,21.74,21.35,21.469999,21.01449,13236500,21.9719999,21.816600039999997,1,21.700001,0.23000199999999893
111,2015-06-11,21.469999,21.85,21.469999,21.700001,21.239611,7076300,21.9280001,21.83200006,1,21.110001,-0.5899999999999999
112,2015-06-12,21.559999,21.690001,21.059999,21.110001,20.662128,8093200,21.8260003,21.83400008,0,21.07,0.0
113,2015-06-15,21.0,21.17,20.84,21.07,20.622978,7663700,21.6950004,21.834200100000004,0,21.33,0.0
114,2015-06-16,21.030001,21.360001,20.82,21.33,20.87746,6422300,21.634000300000004,21.8274001,0,21.58,0.0
115,2015-06-17,21.32,21.700001,21.27,21.58,21.122154,5838600,21.6220002,21.821800080000003,0,21.940001,0.0
116,2015-06-18,21.76,22.08,21.700001,21.940001,21.47452,7485100,21.6070003,21.8202001,0,21.870001,0.0
117,2015-06-19,21.940001,22.120001,21.67,21.870001,21.406006,8891400,21.5680004,21.8070001,0,21.780001,0.0
118,2015-06-22,21.91,22.030001,21.450001,21.780001,21.317911,12855900,21.5710005,21.787400119999997,0,21.219999,0.0
119,2015-06-23,21.82,21.99,21.049999,21.219999,20.769794,10351600,21.507000299999998,21.76080012,0,21.01,0.0
120,2015-06-24,21.190001,21.299999,20.91,21.01,20.564249,6334200,21.461000399999996,21.733800100000003,0,21.17,0.0
121,2015-06-25,21.01,21.299999,21.01,21.17,20.720854,8761500,21.4080003,21.70460012,0,20.74,0.0
122,2015-06-26,21.0,21.02,20.65,20.74,20.299978,10532400,21.371000199999997,21.66960012,0,20.120001,0.0
123,2015-06-29,20.5,20.709999,20.09,20.120001,19.693136,9793100,21.2760003,21.628000119999996,0,20.110001,0.0
124,2015-06-30,20.24,20.33,19.969999,20.110001,19.683346,7897900,21.1540004,21.588400139999997,0,20.4,0.0
125,2015-07-01,20.610001,20.9,20.219999,20.4,19.967192,7572300,21.0360004,21.55520016,0,20.42,0.0
126,2015-07-02,20.389999,20.549999,20.290001,20.42,19.986765,3644100,20.8840003,21.51740018,0,20.17,0.0
127,2015-07-06,20.25,20.530001,20.02,20.17,19.742073,5369400,20.7140002,21.476400199999997,0,19.790001,0.0
128,2015-07-07,20.049999,20.129999,19.16,19.790001,19.370134,14856300,20.5150002,21.4316002,0,19.65,0.0
129,2015-07-08,19.68,19.799999,19.49,19.65,19.233103,8312300,20.3580003,21.380600180000002,0,19.41,0.0
130,2015-07-09,19.959999,20.049999,19.290001,19.41,18.998194,8939700,20.1980003,21.322600199999997,0,19.75,0.0
131,2015-07-10,19.66,19.93,19.610001,19.75,19.330982,5417700,20.0560003,21.274800219999996,0,19.879999,0.0
132,2015-07-13,19.950001,19.99,19.75,19.879999,19.458225,5311800,19.970000199999998,21.228400179999998,0,19.889999,0.0
133,2015-07-14,19.91,19.93,19.629999,19.889999,19.468012,6230400,19.947000000000003,21.171200159999998,0,19.75,0.0
134,2015-07-15,19.84,19.969999,19.57,19.75,19.330982,6643300,19.9109999,21.114000139999998,0,20.190001,0.0
135,2015-07-16,19.870001,20.190001,19.799999,20.190001,19.76165,7071200,19.89,21.07720014,0,20.07,0.0
136,2015-07-17,20.120001,20.139999,19.809999,20.07,19.644194,5509300,19.855,21.03660014,0,19.700001,0.0
137,2015-07-20,20.07,20.15,19.65,19.700001,19.282043,4710300,19.808000099999997,20.980800159999998,0,19.790001,0.0
138,2015-07-21,19.66,20.07,19.66,19.790001,19.370134,3743000,19.8080001,20.96000018,0,19.41,0.0
139,2015-07-22,19.65,19.65,19.17,19.41,18.998194,8911800,19.7840001,20.9356002,0,19.65,0.0
140,2015-07-23,19.450001,19.940001,19.41,19.65,19.233103,4247900,19.8080001,20.912000199999998,0,19.42,0.0
141,2015-07-24,19.790001,19.809999,19.34,19.42,19.007982,4721100,19.7750001,20.88140018,0,19.309999,0.0
142,2015-07-27,19.25,19.530001,19.09,19.309999,18.900318,4810500,19.7180001,20.84180014,0,19.73,0.0
143,2015-07-28,19.360001,19.860001,19.16,19.73,19.311407,4957700,19.7020002,20.81040016,0,19.969999,0.0
144,2015-07-29,19.690001,20.129999,19.610001,19.969999,19.546312,5817000,19.724000099999998,20.78440014,0,20.02,0.0
145,2015-07-30,19.92,20.219999,19.92,20.02,19.595253,4754500,19.707,20.764000120000002,0,19.950001,0.0
146,2015-07-31,20.1,20.110001,19.83,19.950001,19.526741,5458500,19.695000099999998,20.742200120000003,0,20.290001,0.0
147,2015-08-03,20.110001,20.309999,19.85,20.290001,19.859528,9928300,19.754000100000003,20.73020016,0,20.370001,0.0
148,2015-08-04,20.219999,20.43,20.139999,20.370001,19.93783,6502500,19.8120001,20.72040016,0,20.58,0.0
149,2015-08-05,20.870001,20.889999,20.540001,20.58,20.143373,5865700,19.9290001,20.71740016,0,20.450001,0.0
150,2015-08-06,20.530001,20.68,20.110001,20.450001,20.01613,16391900,20.0090002,20.68960018,0,22.98,0.0
151,2015-08-07,22.459999,23.370001,21.879999,22.98,22.492455,35131200,20.3650002,20.706400199999997,0,23.780001,0.0
152,2015-08-10,22.82,23.950001,22.68,23.780001,23.275484,16557600,20.8120004,20.73940024,1,23.66,-0.12000099999999847
153,2015-08-11,23.43,23.889999,23.43,23.66,23.15803,10858300,21.2050004,20.76500026,1,23.719999,0.059999000000001246
154,2015-08-12,23.280001,23.889999,23.280001,23.719999,23.216757,9601200,21.5800004,20.80060022,1,23.52,-0.19999900000000181
155,2015-08-13,23.75,23.799999,23.459999,23.52,23.020996,6922100,21.9300004,20.837000200000002,1,23.540001,0.0200010000000006
156,2015-08-14,23.5,23.68,23.360001,23.540001,23.040573,5364000,22.2890004,20.86600022,1,23.389999,-0.15000200000000063
157,2015-08-17,23.5,23.5,23.1,23.389999,22.893757,6847000,22.5990002,20.8886002,1,23.08,-0.30999900000000125
158,2015-08-18,23.219999,23.379999,22.9,23.08,22.685383,7177100,22.8700001,20.9152002,1,22.99,-0.08999999999999986
159,2015-08-19,23.049999,23.309999,22.74,22.99,22.59692,6231200,23.111000100000002,20.93780018,1,22.16,-0.8299999999999983
160,2015-08-20,22.73,22.84,22.049999,22.16,21.781113,10673300,23.282,20.9516002,1,21.469999,-0.6900009999999988
161,2015-08-21,22.0,22.370001,21.450001,21.469999,21.102907,9566600,23.1309999,20.947000159999998,1,20.709999,-0.7600000000000016
162,2015-08-24,20.27,21.83,20.0,20.709999,20.355902,17057100,22.8239997,20.939000119999996,1,20.280001,-0.4299980000000012
163,2015-08-25,21.620001,21.700001,20.280001,20.280001,19.933254,15567100,22.485999800000002,20.92320014,1,21.809999,1.5299980000000026
164,2015-08-26,20.940001,21.83,20.780001,21.809999,21.437096,15374400,22.2949998,20.932800120000003,1,22.629999,0.8200000000000003
165,2015-08-27,22.040001,22.639999,21.91,22.629999,22.243078,11594100,22.2059997,20.953800100000002,1,22.73,0.1000009999999989
166,2015-08-28,22.629999,22.870001,22.469999,22.73,22.341362,8023600,22.124999600000002,20.96960008,1,22.48,-0.25
167,2015-08-31,22.620001,22.780001,22.389999,22.48,22.095638,5459400,22.0339997,20.98180006,1,21.559999,-0.9200009999999992
168,2015-09-01,21.83,22.200001,21.4,21.559999,21.191366,8835200,21.8819996,20.97740002,1,22.209999,0.6499999999999986
169,2015-09-02,22.15,22.219999,21.780001,22.209999,21.830254,8601100,21.8039995,20.99720002,1,22.27,0.06000099999999975
170,2015-09-03,22.540001,22.65,22.23,22.27,21.889229,6563900,21.8149995,21.02240002,1,21.75,-0.5199999999999996
171,2015-09-04,21.889999,22.24,21.74,21.75,21.378120000000003,7199300,21.8429996,21.034000020000004,1,22.68,0.9299999999999997
172,2015-09-08,22.280001,22.77,22.190001,22.68,22.292219,5961200,22.0399997,21.072800020000003,1,22.23,-0.4499999999999993
173,2015-09-09,22.75,22.940001,22.18,22.23,21.849913,7226500,22.234999600000002,21.115,1,22.58,0.34999999999999787
174,2015-09-10,22.1,22.860001,22.0,22.58,22.193933,8926900,22.3119997,21.164399980000002,1,22.65,0.07000000000000028
175,2015-09-11,22.33,22.799999,22.24,22.65,22.262735,7539600,22.3139998,21.209399979999997,1,22.690001,0.040001000000000175
176,2015-09-14,22.76,22.83,22.57,22.690001,22.302048000000003,4811500,22.3099999,21.2548,1,22.940001,0.25
177,2015-09-15,22.700001,23.059999,22.629999,22.940001,22.547775,8177900,22.356,21.310200020000003,1,23.1,0.15999900000000267
178,2015-09-16,22.9,23.23,22.73,23.1,22.70504,4337700,22.5100001,21.3764,1,23.309999,0.20999899999999982
179,2015-09-17,23.5,23.709999,23.26,23.309999,22.911449,6717800,22.6200001,21.44959998,1,23.290001,-0.01999800000000107
180,2015-09-18,22.99,23.49,22.85,23.290001,22.891794,8123900,22.722000200000004,21.527200000000004,1,23.530001,0.23999999999999844
181,2015-09-21,23.32,23.58,23.200001,23.530001,23.127687,7046000,22.9000003,21.60280002,1,22.889999,-0.6400019999999991
182,2015-09-22,23.02,23.18,22.77,22.889999,22.498632,5708900,22.9210002,21.66300002,1,23.0,0.11000100000000046
183,2015-09-23,22.91,23.139999,22.82,23.0,22.60675,4040800,22.9980002,21.72520004,1,23.440001,0.44000099999999875
184,2015-09-24,22.860001,23.68,22.5,23.440001,23.039225,9561000,23.0840003,21.799000060000004,1,23.610001,0.1700000000000017
185,2015-09-25,23.73,24.07,23.379999,23.610001,23.206322,9242300,23.1800004,21.86740006,1,23.299999,-0.3100020000000008
186,2015-09-28,23.610001,23.76,23.15,23.299999,22.901617,9889600,23.2410002,21.93200004,1,23.709999,0.41000000000000014
187,2015-09-29,23.549999,23.75,23.219999,23.709999,23.304611,9518400,23.318,22.012200000000004,1,24.65,0.9400009999999988
188,2015-09-30,23.93,24.68,23.790001,24.65,24.228539,13859800,23.473000000000003,22.10939998,1,24.17,-0.4799999999999969
189,2015-10-01,24.65,24.719999,23.469999,24.17,23.756742000000003,12232400,23.5590001,22.20459998,1,24.799999,0.629998999999998
190,2015-10-02,24.040001,24.799999,23.790001,24.799999,24.375971,9653600,23.709999900000003,22.30759996,1,25.42,0.620001000000002
191,2015-10-05,24.959999,25.73,24.83,25.42,24.985373000000003,12050600,23.8989998,22.42759996,1,25.75,0.3299999999999983
192,2015-10-06,25.15,25.860001,25.049999,25.75,25.309732,11330400,24.1849999,22.556399979999995,1,26.02,0.2699999999999996
193,2015-10-07,25.809999,26.280001,25.389999,26.02,25.575111,7753800,24.4869999,22.68219998,1,26.17,0.15000000000000213
194,2015-10-08,25.91,26.24,25.469999,26.17,25.722548,11501700,24.7599998,22.8062,1,26.07,-0.10000000000000142
195,2015-10-09,26.030001,26.280001,25.58,26.07,25.62426,10581200,25.005999699999997,22.9272,1,26.35,0.28000000000000114
196,2015-10-12,26.1,26.5,25.91,26.35,25.899473,5689700,25.3109998,23.05519998,1,26.4,0.04999999999999716
197,2015-10-13,26.139999,26.559999,26.049999,26.4,25.948616,7461100,25.579999899999997,23.17739996,1,27.360001,0.9600010000000019
198,2015-10-14,26.43,27.790001,26.4,27.360001,26.892204,15303700,25.851,23.317199959999996,1,27.43,0.06999899999999926
199,2015-10-15,27.41,27.99,27.129999,27.43,26.961004,13151200,26.177,23.45419996,1,27.860001,0.43000100000000074
200,2015-10-16,27.52,28.120001,27.450001,27.860001,27.383654,11209900,26.4830002,23.602399960000003,1,27.809999,-0.050001999999999214
201,2015-10-19,27.950001,28.08,27.49,27.809999,27.334509000000004,7367800,26.722000100000002,23.698999940000004,1,27.77,-0.03999900000000167
202,2015-10-20,27.690001,27.9,27.48,27.77,27.295193,6610700,26.9240001,23.77879992,1,27.41,-0.35999999999999943
203,2015-10-21,27.940001,28.110001,27.360001,27.41,26.941347,9657000,27.0630001,23.853799919999997,1,28.4,0.9899999999999984
204,2015-10-22,27.73,28.49,27.690001,28.4,27.914421,7672100,27.286000100000003,23.94739994,1,28.59,0.19000000000000128
205,2015-10-23,28.65,28.780001,28.219999,28.59,28.101173,9544400,27.538000099999998,24.04879994,1,28.459999,-0.13000100000000003
206,2015-10-26,28.610001,28.68,28.200001,28.459999,27.973396,6185900,27.749000000000002,24.1471999,1,28.440001,-0.01999800000000107
207,2015-10-27,28.32,28.620001,28.299999,28.440001,27.953739,5206700,27.953000100000004,24.24819994,1,28.67,0.22999900000000295
208,2015-10-28,28.620001,28.67,28.200001,28.67,28.179802,5425900,28.083999999999996,24.35999994,1,27.68,-0.990000000000002
209,2015-10-29,28.209999,28.5,27.629999,27.68,27.206732,8176300,28.108999999999998,24.45379994,1,28.370001,0.6900009999999988
210,2015-10-30,27.98,28.57,27.77,28.370001,27.884933,7529000,28.160000000000004,24.577999959999996,1,28.700001,0.33000000000000185
211,2015-11-02,28.459999,28.73,28.290001,28.700001,28.209293,4752200,28.2490002,24.722600000000003,1,28.5,-0.20000100000000032
212,2015-11-03,28.530001,28.690001,28.18,28.5,28.012712,9419200,28.3220002,24.878400020000004,1,28.030001,-0.4699990000000014
213,2015-11-04,28.42,28.629999,27.9,28.030001,27.550749,11050200,28.384000300000004,25.03340002,1,27.709999,-0.3200019999999988
214,2015-11-05,28.17,28.25,27.629999,27.709999,27.236217,11970000,28.315000199999997,25.15140002,1,31.549999,3.84
215,2015-11-06,30.450001,31.940001,29.82,31.549999,31.010561,29306800,28.611000100000002,25.329800019999997,1,31.41,-0.13999899999999954
216,2015-11-09,31.24,31.5,30.969999,31.41,30.872955,12314200,28.9060002,25.50340002,1,30.809999,-0.6000009999999989
217,2015-11-10,31.0,31.17,30.15,30.809999,30.283216,13806500,29.143,25.67,1,30.51,-0.2999989999999997
218,2015-11-11,30.83,31.049999,30.4,30.51,29.988344,15497400,29.326999999999998,25.849000020000002,1,30.4,-0.11000000000000298
219,2015-11-12,30.440001,30.719999,30.27,30.4,29.880224,7277000,29.599,26.01280004,1,29.799999,-0.6000009999999989
220,2015-11-13,30.43,30.559999,29.65,29.799999,29.290483,7323500,29.741999799999995,26.163400019999997,1,30.4,0.6000009999999989
221,2015-11-16,30.190001,30.42,29.950001,30.4,29.880224,8607000,29.911999700000003,26.33640002,1,30.4,0.0
222,2015-11-17,30.48,30.66,30.27,30.4,29.880224,6426200,30.1019997,26.49080002,1,31.030001,0.630001
223,2015-11-18,30.41,31.07,30.08,31.030001,30.615265,8755400,30.401999700000005,26.666800040000002,1,31.120001,0.08999999999999986
224,2015-11-19,31.139999,31.43,30.889999,31.120001,30.704063,6351800,30.7429999,26.83760006,1,31.389999,0.26999800000000107
225,2015-11-20,31.35,31.57,31.16,31.389999,30.970455,5993600,30.7269999,27.012400040000003,1,30.92,-0.46999899999999784
226,2015-11-23,31.65,31.65,30.809999,30.92,30.506737,6063800,30.677999899999996,27.177000019999994,1,31.17,0.25
227,2015-11-24,30.92,31.440001,30.780001,31.17,30.753399,4885700,30.714,27.3416,1,31.129999,-0.040001000000000175
228,2015-11-25,31.110001,31.48,31.02,31.129999,30.71393,3457500,30.7759999,27.50219998,1,31.389999,0.259999999999998
229,2015-11-27,31.190001,31.49,31.030001,31.389999,30.970455,2174900,30.8749998,27.66379998,1,31.719999,0.33000000000000185
230,2015-11-30,31.42,31.860001,31.389999,31.719999,31.296045,8181100,31.0669998,27.832399940000002,1,32.75,1.0300009999999986
231,2015-12-01,32.0,32.779999,31.969999,32.75,32.312275,10237400,31.301999799999997,28.016799920000004,1,32.5,-0.25
232,2015-12-02,32.799999,33.139999,32.43,32.5,32.06562,7356000,31.5119998,28.20899994,1,32.43,-0.07000000000000028
233,2015-12-03,32.759998,33.099998,32.27,32.43,31.996553,6166400,31.651999699999998,28.39759994,1,33.75,1.3200000000000003
234,2015-12-04,32.43,33.810001,32.43,33.75,33.298908000000004,11468900,31.914999599999998,28.603799919999997,1,33.110001000000004,-0.639998999999996
235,2015-12-07,33.740002000000004,33.740002000000004,33.009998,33.110001000000004,32.667469,8339700,32.0869998,28.793799919999998,1,33.560001,0.44999999999999574
236,2015-12-08,32.700001,33.700001,32.490002000000004,33.560001,33.111462,7862200,32.350999900000005,28.998999960000003,1,32.709999,-0.8500019999999964
237,2015-12-09,33.549999,33.75,32.369999,32.709999,32.272812,9316900,32.5049998,29.178999959999995,1,32.98,0.2700009999999935
238,2015-12-10,32.810001,33.16,32.700001,32.98,32.5392,5902200,32.689999900000004,29.34559996,1,32.490002000000004,-0.48999799999999283
239,2015-12-11,32.650002,32.880001,32.419998,32.490002000000004,32.055756,5683000,32.8000002,29.511999999999997,1,32.57,0.07999799999999624
240,2015-12-14,32.52,32.75,32.18,32.57,32.134686,6897300,32.8850003,29.66740002,1,32.970001,0.40000100000000316
241,2015-12-15,32.939999,33.200001,32.759998,32.970001,32.529343,7682400,32.9070004,29.81840004,1,33.169998,0.1999969999999962
242,2015-12-16,33.040001000000004,33.279999,32.75,33.169998,32.726662,5908900,32.9740002,29.966800000000003,1,32.669998,-0.5
243,2015-12-17,33.220001,33.560001,32.650002,32.669998,32.233345,6354000,32.998000000000005,30.09979996,1,32.139999,-0.5299989999999966
244,2015-12-18,32.439999,32.77,32.099998,32.139999,31.710432,9897400,32.8369999,30.21919994,1,32.900002,0.7600029999999975
245,2015-12-21,32.490002000000004,32.93,32.200001,32.900002,32.460278,7105400,32.815999999999995,30.35579998,1,32.93,0.02999799999999908
246,2015-12-22,33.0,33.259998,32.73,32.93,32.489876,3233800,32.7529999,30.48739998,1,33.060001,0.13000100000000003
247,2015-12-23,32.98,33.189999,32.919998,33.060001,32.618134000000005,3063100,32.7880001,30.6206,1,33.169998,0.1099969999999999
248,2015-12-24,32.959999,33.25,32.91,33.169998,32.726662,1311200,32.8069999,30.73679994,1,33.139999,-0.029998999999996556
249,2015-12-28,32.82,33.139999,32.360001000000004,33.139999,32.697067,3550600,32.871999599999995,30.85099992,1,33.68,0.5400009999999966
250,2015-12-29,33.16,33.779999,33.07,33.68,33.229843,5091500,32.9829996,30.9673999,1,33.389999,-0.2900009999999966
251,2015-12-30,33.650002,33.939999,33.380001,33.389999,32.943721999999994,4508600,33.0249994,31.0789999,1,32.959999,-0.4299999999999997
252,2015-12-31,33.34,33.490002000000004,32.959999,32.959999,32.519465999999994,3713200,33.003999500000006,31.182799879999997,1,32.369999,-0.5900000000000034
253,2016-01-04,32.290001000000004,32.580002,32.040001000000004,32.369999,31.937359000000004,8951900,32.9739996,31.28199986,1,32.889999,0.5200000000000031
254,2016-01-05,32.98,33.439999,32.5,32.889999,32.450405,12256800,33.0489996,31.371799839999998,1,31.530001,-1.3599980000000045
255,2016-01-06,32.349998,32.5,31.16,31.530001,31.108587,11233600,32.9119995,31.43059986,1,30.280001,-1.25
256,2016-01-07,30.74,30.950001,29.879999,30.280001,29.875292,16132600,32.6469996,31.4669999,1,29.629999,-0.6500019999999971
257,2016-01-08,30.67,30.700001,29.57,29.629999,29.233976,9961800,32.3039994,31.490799860000003,1,29.68,0.050000999999998186
258,2016-01-11,29.66,29.889999,29.15,29.68,29.28331,10234300,31.9549996,31.51099986,1,30.18,0.5
259,2016-01-12,30.209999,30.620001,29.969999,30.18,29.77663,11733900,31.658999700000003,31.560999860000003,1,29.26,-0.9199999999999982
260,2016-01-13,30.41,30.610001,29.23,29.26,28.868925,12041800,31.216999700000002,31.578799840000002,0,28.67,0.0
261,2016-01-14,28.66,29.0,27.82,28.67,28.28681,15005900,30.744999800000006,31.57819982,0,27.110001,0.0
262,2016-01-15,27.52,27.85,26.639999,27.110001,26.74766,21036300,30.159999999999997,31.55039984,0,27.33,0.0
263,2016-01-19,27.67,28.450001,27.219999,27.33,26.964718,11428500,29.6560001,31.53639982,0,27.48,0.0
264,2016-01-20,26.809999,27.83,26.450001,27.48,27.112713,12029500,29.115000199999997,31.531799839999998,0,27.799999,0.0
265,2016-01-21,27.780001,28.23,27.209999,27.799999,27.428434000000003,12036400,28.742,31.456799840000002,0,28.450001,0.0
266,2016-01-22,28.33,28.639999,28.27,28.450001,28.069752,6449900,28.558999999999997,31.39759986,0,28.42,0.0
267,2016-01-25,28.440001,28.77,28.360001,28.42,28.040154,6768200,28.4380001,31.34979988,0,28.700001,0.0
268,2016-01-26,28.48,28.82,28.190001,28.700001,28.31641,5698600,28.3400002,31.3135999,0,28.360001,0.0
269,2016-01-27,28.66,28.75,27.82,28.360001,27.980955,5792500,28.158000300000005,31.27279992,0,28.049999,0.0
270,2016-01-28,28.59,28.690001,27.5,28.049999,27.675095,6919400,28.0370002,31.23779992,0,29.290001,0.0
271,2016-01-29,28.290001,29.35,28.18,29.290001,28.898525,7762600,28.0990003,31.215599939999997,0,29.299999,0.0
272,2016-02-01,29.26,29.450001,29.01,29.299999,28.90839,7247100,28.3180001,31.19359992,0,28.059999,0.0
273,2016-02-02,29.0,29.15,27.860001,28.059999,27.684965,8547700,28.391000000000002,31.13419988,0,28.200001,0.0
274,2016-02-03,28.280001,28.450001,27.549999,28.200001,27.823093,8169300,28.4630001,31.075799879999998,0,28.209999,0.0
275,2016-02-04,28.24,28.85,27.93,28.209999,27.832958,8684600,28.504000099999995,31.012199879999997,0,26.43,0.0
276,2016-02-05,28.02,28.33,26.35,26.43,26.076748,15010700,28.302,30.922399879999997,0,25.219999,0.0
277,2016-02-08,26.030001,26.16,24.85,25.219999,24.882921,15221300,27.981999899999998,30.80339986,0,25.49,0.0
278,2016-02-09,24.92,26.549999,24.799999,25.49,25.149311,10572700,27.660999800000003,30.69059988,0,25.43,0.0
279,2016-02-10,25.65,26.389999,25.290001,25.43,25.090117000000003,8395000,27.367999700000002,30.571399900000003,0,25.299999,0.0
280,2016-02-11,24.780001,25.559999,24.780001,25.299999,24.961853,8503600,27.0929997,30.4429999,0,25.73,0.0
281,2016-02-12,25.700001,25.780001,24.75,25.73,25.386103,8520400,26.7369996,30.3025999,0,26.99,0.0
282,2016-02-16,26.1,27.030001,26.02,26.99,26.629265000000004,12133800,26.5059997,30.1923999,0,27.66,0.0
283,2016-02-17,27.33,27.92,27.219999,27.66,27.290308000000003,19286700,26.4659998,30.0969999,0,30.040001,0.0
284,2016-02-18,29.93,30.98,29.9,30.040001,29.6385,26716500,26.6499998,30.02279992,0,30.440001,0.0
285,2016-02-19,29.879999,30.709999,29.65,30.440001,30.03315,13140700,26.873,29.96939992,0,31.52,0.0
286,2016-02-22,30.879999,31.870001,30.82,31.52,31.098721,11241700,27.381999999999998,29.9285999,0,31.6,0.0
287,2016-02-23,31.27,31.9,31.120001,31.6,31.177649,9234500,28.020000099999997,29.906399920000002,0,31.82,0.0
288,2016-02-24,31.469999,31.870001,30.6,31.82,31.394707,8421300,28.653000100000003,29.883199920000003,0,31.889999,0.0
289,2016-02-25,31.940001,32.049999,31.32,31.889999,31.46377,8727900,29.299,29.87119986,0,31.68,0.0
290,2016-02-26,32.040001000000004,32.119999,31.360001,31.68,31.25658,9049100,29.9370001,29.85339986,1,31.360001,-0.31999899999999926
291,2016-02-29,31.610001,32.02,31.34,31.360001,31.053583000000003,8083600,30.5000002,29.82119986,1,32.75,1.3899989999999995
292,2016-03-01,31.440001,32.75,31.389999,32.75,32.43,8717500,31.0760002,29.8127999,1,32.939999,0.18999900000000025
293,2016-03-02,32.57,33.060001,32.509998,32.939999,32.618140999999994,5845300,31.604000099999997,29.81819992,1,32.650002,-0.2899969999999996
294,2016-03-03,32.900002,33.040001000000004,32.209999,32.650002,32.330982,7544400,31.865000200000004,29.828399980000004,1,32.549999,-0.10000300000000095
295,2016-03-04,32.900002,32.93,32.299999,32.549999,32.231953000000004,4382600,32.07600000000001,29.821399919999998,1,32.34,-0.20999899999999627
296,2016-03-07,32.369999,32.59,31.92,32.34,32.024006,5999200,32.158,29.80959992,1,31.75,-0.5900000000000034
297,2016-03-08,32.009998,32.200001,31.65,31.75,31.439770000000003,6873500,32.173,29.783399900000003,1,31.73,-0.019999999999999574
298,2016-03-09,32.029999,32.080002,31.32,31.73,31.419968,5569700,32.164,29.754599940000002,1,31.68,-0.05000000000000071
299,2016-03-10,31.92,32.099998,31.040001,31.68,31.370459000000004,7135600,32.1430001,29.72539996,1,32.220001,0.5400010000000037
300,2016-03-11,32.150002,32.23,31.77,32.220001,31.905182,6935000,32.197000200000005,29.696199980000003,1,32.299999,0.07999799999999624
301,2016-03-14,32.07,32.43,31.92,32.299999,31.984398,4757800,32.291000000000004,29.674399979999997,1,32.139999,-0.1599999999999966
302,2016-03-15,32.130001,32.34,31.57,32.139999,31.82596,5655400,32.229999899999996,29.657999980000003,1,33.099998,0.9599989999999963
303,2016-03-16,31.9,33.209999,31.75,33.099998,32.776585,9091100,32.24599980000001,29.672599960000003,1,32.82,-0.2799979999999991
304,2016-03-17,32.98,33.139999,32.369999,32.82,32.499317,8842000,32.2629996,29.67119998,1,33.810001,0.9900009999999995
305,2016-03-18,33.209999,34.25,33.0,33.810001,33.479641,13637800,32.3889998,29.71679998,1,33.91,0.09999899999999684
306,2016-03-21,33.509998,33.919998,33.150002,33.91,33.578667,8444500,32.545999800000004,29.78939996,1,33.849998,-0.060001999999997224
307,2016-03-22,33.799999,34.09,33.43,33.849998,33.519245,6050300,32.7559996,29.873799939999998,1,34.43,0.5800020000000004
308,2016-03-23,34.0,34.68,33.849998,34.43,34.093586,10725200,33.0259996,29.968799940000004,1,34.48,0.04999999999999716
309,2016-03-24,34.119999,34.540001000000004,34.009998,34.48,34.143093,6123900,33.3059996,30.054799940000002,1,34.830002,0.3500020000000035
310,2016-03-28,34.419998,34.98,34.380001,34.830002,34.489681,6634700,33.566999700000004,30.166199980000002,1,35.389999,0.5599970000000027
311,2016-03-29,34.68,35.470001,34.599998,35.389999,35.044205,6543400,33.8759997,30.30059996,1,35.759998,0.36999899999999997
312,2016-03-30,35.52,36.25,35.5,35.759998,35.410591,9417500,34.2379996,30.4735999,1,35.630001,-0.12999700000000303
313,2016-03-31,35.919998,36.0,35.349998,35.630001,35.281859999999995,9497100,34.4909999,30.639599920000002,1,36.150002,0.5200010000000006
314,2016-04-01,35.41,36.169998,35.139999,36.150002,35.796776,8707300,34.8240001,30.812999960000003,1,35.799999,-0.35000300000000095
315,2016-04-04,36.450001,36.639999,35.66,35.799999,35.450199,9848500,35.0229999,30.972999959999996,1,35.75,-0.04999899999999968
316,2016-04-05,35.48,36.080002,35.34,35.75,35.400688,8489200,35.2069999,31.11899994,1,35.799999,0.04999899999999968
317,2016-04-06,35.299999,35.82,34.630001,35.799999,35.450199,11321200,35.402,31.266599919999997,1,35.43,-0.36999899999999997
318,2016-04-07,35.57,35.889999,35.279999,35.43,35.083813,9452600,35.501999999999995,31.4011999,1,35.66,0.22999999999999687
319,2016-04-08,35.720001,35.950001,35.310001,35.66,35.311573,6398400,35.62,31.547199879999997,1,35.880001,0.22000100000000344
320,2016-04-11,35.869999,36.470001,35.759998,35.880001,35.529419,9688100,35.7249999,31.703799919999998,1,35.84,-0.04000099999999662
321,2016-04-12,36.0,36.049999,35.139999,35.84,35.489807,7313600,35.77,31.834799900000004,1,36.740002,0.9000019999999935
322,2016-04-13,36.0,36.75,36.0,36.740002,36.38102,8767900,35.8680004,31.983599960000003,1,36.84,0.09999800000000647
323,2016-04-14,36.639999,37.0,36.490002,36.84,36.480038,10409800,35.9890003,32.15919998,1,37.130001,0.2900009999999966
324,2016-04-15,36.830002,37.459999,36.709999,37.130001,36.767204,10924300,36.0870002,32.33779998,1,36.970001,-0.1599999999999966
325,2016-04-18,37.060001,37.060001,36.610001,36.970001,36.608776,7680600,36.2040004,32.51300002000001,1,36.310001,-0.6600000000000037
326,2016-04-19,37.110001,37.18,36.080002,36.310001,35.955219,7728800,36.260000500000004,32.71060004,1,36.450001,0.14000000000000057
327,2016-04-20,36.25,36.669998,36.209999,36.450001,36.093849,5004300,36.325000700000004,32.93520008,1,36.41,-0.04000100000000373
328,2016-04-21,36.459999,36.630001,36.25,36.41,36.054237,4457000,36.4230007,33.153600080000004,1,36.27,-0.13999999999999346
329,2016-04-22,36.529999,36.779999,36.150002,36.27,35.915607,5588500,36.4840007,33.370400079999996,1,36.450001,0.1800009999999972
330,2016-04-25,36.279999,36.650002,36.18,36.450001,36.093849,4799300,36.5410007,33.59340012,1,36.48,0.029998999999996556
331,2016-04-26,36.669998,37.09,36.32,36.48,36.12355,5363400,36.605000700000005,33.80840012,1,37.310001,0.8300010000000029
332,2016-04-27,36.389999,37.330002,36.32,37.310001,36.945446,8809900,36.662000600000006,34.01480014,1,36.200001,-1.1099999999999994
333,2016-04-28,37.080002,37.299999,36.110001,36.200001,35.846287,9530600,36.5980007,34.18560016000001,1,35.529999,-0.6700020000000038
334,2016-04-29,36.049999,36.130001,35.139999,35.529999,35.182835,8047600,36.4380005,34.29540012,1,36.0,0.47000100000000344
335,2016-05-02,35.869999,36.220001,35.700001,36.0,35.648243,6401900,36.3410004,34.4066001,1,35.57,-0.4299999999999997
336,2016-05-03,35.59,35.740002000000004,35.259998,35.57,35.222443,5600600,36.26700029999999,34.4876001,1,34.759998,-0.8100019999999972
337,2016-05-04,35.139999,35.169998,34.400002,34.759998,34.420357,13133100,36.098,34.55080006,1,34.970001,0.21000300000000038
338,2016-05-05,35.049999,35.380001,34.709999,34.970001,34.628304,6172100,35.9540001,34.613800080000004,1,35.330002,0.3600009999999969
339,2016-05-06,34.91,35.419998,34.84,35.330002,34.984790999999994,4581000,35.8600003,34.68260014,1,35.279999,-0.050003000000003794
340,2016-05-09,35.419998,35.57,34.990002000000004,35.279999,34.935276,8333400,35.7430001,34.75460012,1,35.959999,0.6800000000000068
341,2016-05-10,35.5,36.02,35.16,35.959999,35.608631,6712100,35.690999999999995,34.84660008,1,36.060001,0.10000199999999637
342,2016-05-11,36.07,36.459999,35.869999,36.060001,35.707657,8204400,35.565999999999995,34.9128001,1,35.57,-0.49000099999999946
343,2016-05-12,36.32,36.48,34.93,35.57,35.222443,16763500,35.5029999,34.96540012,1,40.98,5.409999999999997
344,2016-05-13,39.189999,41.0,39.0,40.98,40.579582,52756400,36.048,35.13200008,1,42.189999,1.2099990000000034
345,2016-05-16,40.669998,42.799999,40.540001,42.189999,41.77776,24325800,36.6669999,35.32480008,1,42.279999,0.0899999999999963
346,2016-05-17,42.0,42.580002,41.459999,42.279999,41.866882,15709800,37.3379998,35.52360006,1,43.360001,1.0800020000000004
347,2016-05-18,42.0,43.849998,42.0,43.360001,42.936337,13526800,38.1980001,35.75580008,1,43.549999,0.18999800000000278
348,2016-05-19,43.189999,43.860001,43.130001,43.549999,43.124474,9972000,39.0559999,35.99220006,1,44.330002,0.7800030000000007
349,2016-05-20,43.82,44.509998,43.75,44.330002,43.896854,9777100,39.9559999,36.245200100000005,1,44.400002,0.07000000000000028
350,2016-05-23,44.52,44.689999,44.130001,44.400002,43.966171,10324100,40.8680002,36.48880012,1,45.360001,0.9599989999999963
351,2016-05-24,44.419998,45.5,44.299999,45.360001,45.033428,10394700,41.808000400000005,36.75000016,1,45.169998,-0.19000299999999726
352,2016-05-25,45.5,45.689999,44.810001,45.169998,44.844799,11451900,42.7190001,37.01060014,1,45.650002,0.480004000000001
353,2016-05-26,45.25,45.98,45.119999,45.650002,45.321342,7726200,43.7270003,37.26160022,1,45.900002,0.25
354,2016-05-27,45.700001,45.970001,45.549999,45.900002,45.569542,6935400,44.2190005,37.523200259999996,1,46.720001,0.8199990000000028
355,2016-05-31,46.099998,46.82,46.07,46.720001,46.383636,10313100,44.6720007,37.78140026,1,46.810001,0.0899999999999963
356,2016-06-01,46.5,47.259998,46.360001,46.810001,46.472988,9678300,45.1250009,38.03940028,1,47.139999,0.32999800000000334
357,2016-06-02,47.060001,47.540001,46.599998,47.139999,46.800613,8176500,45.5030007,38.3052003,1,46.48,-0.6599990000000062
358,2016-06-03,46.68,46.740002,45.66,46.48,46.145363,11526900,45.7960008,38.5462003,1,46.240002,-0.23999799999999993
359,2016-06-06,46.599998,46.959999,46.0,46.240002,45.907093,8062800,45.9870008,38.78140034,1,46.330002,0.09000000000000341
360,2016-06-07,46.52,46.779999,46.310001,46.330002,45.996449,4835000,46.1800008,39.01140034,1,46.18,-0.15000200000000063
361,2016-06-08,46.34,46.509998,45.799999,46.18,45.847527,5865400,46.2620007,39.227200360000005,1,47.380001,1.2000010000000003
362,2016-06-09,46.02,47.450001,45.919998,47.380001,47.038887,11804200,46.483001,39.45960042,1,46.200001,-1.1799999999999997
363,2016-06-10,46.82,47.240002,46.139999,46.200001,45.867382,10000600,46.5380009,39.67100042,1,46.790001,0.5899999999999963
364,2016-06-13,46.25,47.700001,46.25,46.790001,46.453133,11889700,46.627000800000005,39.8838004,1,46.880001,0.09000000000000341
365,2016-06-14,46.68,47.099998,46.16,46.880001,46.542484,7458600,46.643000799999996,40.105400440000004,1,47.360001,0.4799999999999969
366,2016-06-15,47.27,47.77,46.75,47.360001,47.019032,7525900,46.6980008,40.337600460000004,1,47.549999,0.18999800000000278
367,2016-06-16,47.009998,47.630001,46.549999,47.549999,47.207661,6161400,46.7390008,40.57260046,1,46.720001,-0.8299979999999962
368,2016-06-17,47.610001,47.619999,46.529999,46.720001,46.383636,11775000,46.763000899999994,40.79840048,1,47.560001,0.8399999999999963
369,2016-06-20,47.470001,48.169998,47.439999,47.560001,47.217587,7344200,46.8950008,41.0364005,1,47.27,-0.2900009999999966
370,2016-06-21,47.759998,47.889999,47.200001,47.27,46.929676,5312700,46.9890006,41.26420048,1,47.23,-0.04000000000000625
371,2016-06-22,47.369999,47.68,47.150002,47.23,46.889961,5065500,47.0940006,41.492000479999994,1,48.490002,1.260002
372,2016-06-23,47.68,48.540001,47.650002,48.490002,48.140896000000005,7447000,47.2050007,41.727000479999994,1,45.73,-2.760002
373,2016-06-24,46.5,47.360001,45.299999,45.73,45.400764,25442100,47.1580006,41.90480047999999,1,45.240002,-0.48999799999999993
374,2016-06-27,45.349998,45.700001,44.57,45.240002,44.914295,11227200,47.003000699999994,42.06700049999999,1,45.900002,0.6600000000000037
375,2016-06-28,46.099998,46.150002,45.27,45.900002,45.569542,9548000,46.905000799999996,42.245600519999996,1,46.650002,0.75
376,2016-06-29,46.299999,47.009998,46.18,46.650002,46.31414,7973300,46.83400089999999,42.45240054,1,47.009998,0.3599960000000024
377,2016-06-30,46.73,47.299999,46.349998,47.009998,46.671547,10773500,46.7800008,42.66360048000001,1,46.66,-0.34999800000000647
378,2016-07-01,46.75,47.360001,46.5,46.66,46.324066,5462200,46.7740007,42.86860048,1,47.349998,0.6899980000000028
379,2016-07-05,46.400002,47.43,46.029999,47.349998,47.009098,9277100,46.7530004,43.09020044,1,47.650002,0.30000400000000127
380,2016-07-06,47.02,47.93,46.779999,47.650002,47.306946,6827600,46.791000600000004,43.31420046,1,48.889999,1.2399970000000025
381,2016-07-07,47.970001,49.060001,47.75,48.889999,48.538013,9871400,46.9570005,43.562400440000005,1,50.849998,1.9599989999999963
382,2016-07-08,49.41,51.09,49.220001,50.849998,50.483902,12048300,47.1930001,43.83320038,1,52.02,1.1700020000000038
383,2016-07-11,51.580002,52.400002,51.52,52.02,51.645481,11219400,47.822000100000004,44.14960036,1,52.799999,0.7799989999999966
384,2016-07-12,52.599998,53.279999,51.939999,52.799999,52.419865,10919000,48.5779998,44.49500035999999,1,52.779999,-0.020000000000003126
385,2016-07-13,52.900002,53.200001,52.700001,52.779999,52.400005,8115100,49.2659995,44.83060033999999,1,53.32,0.5400010000000037
386,2016-07-14,53.060001,53.799999,52.619999,53.32,52.936123,7922300,49.9329993,45.18560034,1,52.700001,-0.619999
387,2016-07-15,52.639999,52.939999,51.84,52.700001,52.320583,10715400,50.5019996,45.5444004,1,52.970001,0.2700000000000031
388,2016-07-18,53.349998,53.43,52.77,52.970001,52.58864200000001,6324800,51.1329997,45.90440039999999,1,53.52,0.5499989999999997
389,2016-07-19,52.939999,53.73,52.84,53.52,53.134682,9566300,51.7499999,46.26820036,1,54.220001,0.7000010000000003
390,2016-07-20,53.700001,54.509998,53.48,54.220001,53.829643,7411500,52.40699980000001,46.647000399999996,1,53.220001,-1.0
391,2016-07-21,54.099998,54.27,53.040001,53.220001,52.836842,9032700,52.839999999999996,46.99220044,1,54.669998,1.4499969999999962
392,2016-07-22,53.41,54.669998,53.02,54.669998,54.276398,7894200,53.222,47.36440038,1,55.68,1.010002
393,2016-07-25,55.0,55.810001,54.759998,55.68,55.279129000000005,7813200,53.588,47.76660038,1,56.630001,0.9500010000000003
394,2016-07-26,56.169998,56.919998,56.09,56.630001,56.22229,12862700,53.971000200000006,48.0796004,1,56.060001,-0.5700000000000003
395,2016-07-27,57.119999,57.220001,55.720001,56.060001,55.656395,11122600,54.2990004,48.35700044,1,56.18,0.11999899999999997
396,2016-07-28,56.189999,56.599998,56.009998,56.18,55.775532,5547900,54.5850004,48.63500046,1,57.099998,0.9199979999999996
397,2016-07-29,56.389999,57.25,55.380001,57.099998,56.6889,10239700,55.0250001,48.9098004,1,56.73,-0.3699980000000025
398,2016-08-01,57.34,57.549999,56.360001,56.73,56.321571,7528000,55.400999999999996,49.17340042,1,56.040001,-0.6899990000000003
399,2016-08-02,57.0,57.029999,55.5,56.040001,55.636536,7068700,55.6530001,49.4076004,1,56.189999,0.14999800000000363
400,2016-08-03,55.970001,56.299999,55.66,56.189999,55.785454,7495700,55.8499999,49.64340034,1,57.23,1.0400009999999966
401,2016-08-04,56.459999,57.490002,56.349998,57.23,56.817966000000006,6788000,56.2509998,49.88080032,1,58.200001,0.9700010000000034
402,2016-08-05,57.889999,58.23,57.610001,58.200001,57.780991,9289700,56.60400010000001,50.14140038000001,1,58.740002,0.5400009999999966
403,2016-08-08,59.0,59.139999,58.119999,58.740002,58.317101,7626600,56.9100003,50.40320038000001,1,58.889999,0.14999700000000615
404,2016-08-09,59.029999,59.459999,58.740002,58.889999,58.466019,9308600,57.136000100000004,50.66300032,1,58.509998,-0.38000100000000003
405,2016-08-10,59.41,59.5,58.32,58.509998,58.088753,9393500,57.3809998,50.89880026000001,1,59.700001,1.1900029999999973
406,2016-08-11,58.82,59.950001,58.700001,59.700001,59.27018399999999,15741200,57.7329999,51.15660026,1,63.040001,3.3399999999999963
407,2016-08-12,61.900002,63.380001,60.630001,63.040001,62.58614300000001,35643600,58.3270002,51.4746003,1,62.98,-0.06000099999999975
408,2016-08-15,63.110001,63.5,62.130001,62.98,62.526569,14332600,58.9520002,51.804600300000004,1,62.599998,-0.3800019999999975
409,2016-08-16,62.889999,62.990002,62.41,62.599998,62.14930699999999,7191300,59.6079999,52.131800219999995,1,61.150002,-1.4499959999999987
410,2016-08-17,62.599998,62.740002,60.66,61.150002,60.709747,14880300,60.104000199999994,52.42820022000001,1,62.099998,0.9499959999999987
411,2016-08-18,61.060001,62.200001,60.82,62.099998,61.652905,8292100,60.59100000000001,52.746600179999994,1,62.259998,0.1600000000000037
412,2016-08-19,62.07,62.73,61.799999,62.259998,61.811752,7289000,60.9969997,53.04420012,1,62.52,0.26000200000000007
413,2016-08-22,62.450001,62.610001,61.709999,62.52,62.069885,6118700,61.3749995,53.370600100000004,1,62.91,0.38999999999999346
414,2016-08-23,63.040001,63.32,62.73,62.91,62.57216999999999,8494100,61.776999599999996,53.693000080000004,1,61.939999,-0.9700009999999963
415,2016-08-24,63.130001,63.16,61.650002,61.939999,61.607376,7461200,62.11999970000001,53.994200039999996,1,61.529999,-0.4100000000000037
416,2016-08-25,61.959999,61.990002,60.759998,61.529999,61.199585,10150800,62.3029995,54.2776,1,62.029999,0.5
417,2016-08-26,61.689999,62.380001,61.200001,62.029999,61.696896,7500600,62.2019993,54.5672,1,61.990002,-0.039996999999999616
418,2016-08-29,62.279999,62.529999,61.889999,61.990002,61.657116,6848800,62.102999499999996,54.87260002,1,61.630001,-0.3600009999999969
419,2016-08-30,61.91,62.240002,61.459999,61.630001,61.299049,7138600,62.0059998,55.154000020000005,1,61.34,-0.2900009999999966
420,2016-08-31,61.75,61.919998,61.16,61.34,61.010597,9713600,62.0249996,55.435400019999996,1,63.150002,1.8100019999999972
421,2016-09-01,61.389999,63.380001,61.34,63.150002,62.81087900000001,10712300,62.129999999999995,55.75380006,1,62.529999,-0.6200030000000041
422,2016-09-02,63.279999,63.349998,61.82,62.529999,62.194214,8078700,62.15700009999999,56.0346,1,63.119999,0.5900000000000034
423,2016-09-06,62.75,63.119999,62.43,63.119999,62.781044,7670300,62.217,56.38239998,1,62.189999,-0.9299999999999997
424,2016-09-07,62.919998,63.23,61.830002,62.189999,61.856033,9949700,62.1449999,56.72139992,1,62.639999,0.45000000000000284
425,2016-09-08,62.130001,62.740002,61.419998,62.639999,62.303623,7872500,62.214999899999995,57.05619986000001,1,59.52,-3.119999
426,2016-09-09,61.950001,62.299999,59.0,59.52,59.200378,17444000,62.013999999999996,57.31359982,1,60.75,1.2299999999999969
427,2016-09-12,58.73,60.869999,57.32,60.75,60.423771,14956500,61.886000100000004,57.58839986,1,59.869999,-0.880001
428,2016-09-13,60.599998,61.299999,59.529999,59.869999,59.5485,11794200,61.673999800000004,57.85259984,1,60.400002,0.5300030000000007
429,2016-09-14,60.009998,60.599998,59.509998,60.400002,60.075653,7976200,61.5509999,58.11359992,1,62.689999,2.2899969999999996
430,2016-09-15,60.5,62.759998,60.360001,62.689999,62.353352,12880300,61.685999800000005,58.41439986,1,62.84,0.15000100000000316
431,2016-09-16,62.91,63.25,62.119999,62.84,62.502552,22561100,61.6549996,58.693399879999994,1,63.669998,0.8299979999999962
432,2016-09-19,63.5,65.260002,63.209999,63.669998,63.32808299999999,10407000,61.76899950000001,58.94979988,1,63.09,-0.5799979999999962
433,2016-09-20,64.400002,64.400002,62.740002,63.09,62.751205000000006,8277800,61.7659996,59.171199879999996,1,64.860001,1.7700009999999935
434,2016-09-21,63.279999,64.980003,63.27,64.860001,64.511696,8405300,62.03299979999999,59.41239992,1,65.019997,0.1599960000000067
435,2016-09-22,65.239998,65.440002,64.650002,65.019997,64.670845,7718300,62.270999599999996,59.65719988000001,1,64.949997,-0.07000000000000739
436,2016-09-23,65.099998,65.290001,64.660004,64.949997,64.601212,6903300,62.8139993,59.88979982,1,64.339996,-0.6100009999999969
437,2016-09-26,64.209999,64.599998,63.529999,64.339996,63.994488,5751000,63.172998899999996,60.12259972,1,66.540001,2.2000050000000044
438,2016-09-27,64.089996,66.639999,64.059998,66.540001,66.18267800000001,10068800,63.8399991,60.393999720000004,1,66.779999,0.23999799999999993
439,2016-09-28,66.639999,66.83000200000001,65.93,66.779999,66.421387,7994700,64.4779988,60.6591997,1,67.400002,0.620002999999997
440,2016-09-29,66.66999799999999,67.610001,66.050003,67.400002,67.038055,8417100,64.9489991,60.92279972,1,68.519997,1.119995000000003
441,2016-09-30,67.769997,69.190002,67.370003,68.519997,68.152046,10748300,65.51699880000001,61.22879964,1,68.449997,-0.07000000000000739
442,2016-10-03,68.519997,69.510002,68.33000200000001,68.449997,68.08242,6064900,65.9949987,61.50439962,1,68.300003,-0.1499939999999924
443,2016-10-04,68.550003,69.699997,67.790001,68.300003,67.933228,7040600,66.51599900000001,61.75679967999999,1,68.230003,-0.07000000000000739
444,2016-10-05,68.879997,69.58000200000001,68.019997,68.230003,67.863609,7636000,66.8529992,61.988799719999996,1,67.339996,-0.8900069999999971
445,2016-10-06,67.410004,67.83000200000001,66.260002,67.339996,66.978371,9005300,67.0849991,62.21439962,1,66.849998,-0.48999799999999993
446,2016-10-07,67.790001,67.970001,66.660004,66.849998,66.491013,7156500,67.2749992,62.42779958,1,67.099998,0.25
447,2016-10-10,67.199997,67.559998,66.470001,67.099998,66.739662,7183200,67.5509994,62.62779958,1,66.129997,-0.9700009999999963
448,2016-10-11,66.879997,66.980003,65.620003,66.129997,65.774872,9713500,67.509999,62.81579952,1,66.43,0.3000030000000038
449,2016-10-12,65.860001,66.779999,65.309998,66.43,66.073265,10498000,67.4749991,63.0235995,1,65.349998,-1.0800020000000075
450,2016-10-13,65.650002,65.800003,63.700001,65.349998,64.99906899999999,9752900,67.2699987,63.20679948,1,65.989998,0.6400000000000006
451,2016-10-14,66.150002,66.599998,65.599998,65.989998,65.635628,8265900,67.01699880000001,63.38199944,1,65.610001,-0.379997000000003
452,2016-10-17,65.980003,66.599998,65.519997,65.610001,65.25766800000001,4883200,66.7329992,63.53019944,1,66.610001,1.0
453,2016-10-18,66.519997,66.989998,66.25,66.610001,66.25230400000001,6713500,66.563999,63.68759942,1,66.470001,-0.14000000000000057
454,2016-10-19,66.160004,66.779999,65.82,66.470001,66.11306,4976500,66.3879988,63.83919946,1,67.730003,1.260002
455,2016-10-20,67.25,67.949997,66.300003,67.730003,67.366295,7802100,66.4269995,64.02359956,1,67.540001,-0.19000199999999268
456,2016-10-21,67.489998,67.660004,66.900002,67.540001,67.177307,6987700,66.49599979999999,64.18039956000001,1,70.709999,3.1699979999999925
457,2016-10-24,68.0,70.790001,67.989998,70.709999,70.330276,8495900,66.85699989999999,64.33379952,1,71.870003,1.1600040000000007
458,2016-10-25,70.589996,72.300003,70.25,71.870003,71.484055,9936500,67.43100050000001,64.51159958,1,72.160004,0.29000100000000373
459,2016-10-26,71.269997,72.949997,71.199997,72.160004,71.77250699999999,8344800,68.0040009,64.7027997,1,70.68,-1.4800039999999939
460,2016-10-27,72.709999,72.849998,70.389999,70.68,70.300446,9716600,68.5370011,64.89339966,1,70.559998,-0.12000200000001371
461,2016-10-28,71.019997,72.099998,70.43,70.559998,70.18109100000001,7271400,68.99400109999999,65.06259966,1,71.160004,0.6000060000000076
462,2016-10-31,70.790001,71.629997,70.75,71.160004,70.777878,6309700,69.5490014,65.24059978,1,69.050003,-2.110000999999997
463,2016-11-01,71.41999799999999,71.809998,68.290001,69.050003,68.679199,11830600,69.7930016,65.37119984,1,68.760002,-0.29000100000000373
464,2016-11-02,69.58000200000001,70.519997,68.639999,68.760002,68.390755,7396200,70.0220017,65.48819988,1,67.959999,-0.8000030000000038
465,2016-11-03,69.08000200000001,69.139999,66.639999,67.959999,67.595055,7741600,70.0450013,65.60859988,1,67.57,-0.3899990000000031
466,2016-11-04,67.510002,68.730003,66.58000200000001,67.57,67.207146,8219500,70.0480012,65.7293999,1,71.269997,3.6999970000000104
467,2016-11-07,69.550003,71.720001,69.5,71.269997,70.887276,12189500,70.104001,65.91419986,1,71.160004,-0.1099930000000029
468,2016-11-08,71.540001,71.769997,70.5,71.160004,70.777878,10717500,70.0330011,66.09759989999999,1,69.959999,-1.2000050000000044
469,2016-11-09,69.230003,70.900002,68.720001,69.959999,69.584312,11413300,69.81300060000001,66.26419986,1,67.769997,-2.1900019999999927
470,2016-11-10,71.489998,71.5,66.760002,67.769997,67.40606700000001,21732000,69.5220003,66.3927998,1,87.970001,20.200003999999993
471,2016-11-11,79.510002,88.769997,78.5,87.970001,87.497597,54383600,71.2630006,66.88919978,1,83.639999,-4.330001999999993
472,2016-11-14,88.089996,88.190002,83.620003,83.639999,83.190842,33702100,72.5110001,67.31139978,1,86.190002,2.550003000000004
473,2016-11-15,84.290001,87.449997,83.93,86.190002,85.72715,15652300,74.225,67.77279984,1,91.629997,5.439994999999996
474,2016-11-16,87.339996,92.559998,86.349998,91.629997,91.137947,24676400,76.5119995,68.3615998,1,92.389999,0.7600020000000001
475,2016-11-17,92.309998,94.790001,90.650002,92.389999,91.893867,20824700,78.9549995,68.95659979999999,1,93.360001,0.9700019999999938
476,2016-11-18,92.389999,94.330002,91.800003,93.360001,92.858658,14401500,81.5339996,69.63339982,1,92.980003,-0.3799980000000005
477,2016-11-21,94.089996,94.349998,92.400002,92.980003,92.480698,10910900,83.7050002,70.27799988,1,93.650002,0.6699990000000042
478,2016-11-22,93.300003,93.739998,92.379997,93.650002,93.147102,8259200,85.954,70.95359993999999,1,93.970001,0.3199989999999957
479,2016-11-23,93.720001,95.25,92.769997,93.970001,93.605316,11044000,88.3550002,71.62499992,1,94.160004,0.19000300000000436
480,2016-11-25,94.419998,95.099998,93.410004,94.160004,93.794586,4889100,90.99400089999999,72.25440001999999,1,94.110001,-0.050003000000003794
481,2016-11-28,93.870003,94.739998,93.599998,94.110001,93.744766,6968400,91.60800090000001,72.87980004,1,93.25,-0.8600009999999969
482,2016-11-29,94.0,94.440002,92.529999,93.25,92.8881,11114200,92.569001,73.47140008,1,92.199997,-1.0500030000000038
483,2016-11-30,93.599998,94.160004,92.099998,92.199997,91.842186,11012500,93.1700005,74.05360002,1,87.639999,-4.559997999999993
484,2016-12-01,92.099998,92.169998,84.769997,87.639999,87.299881,25888100,92.7710007,74.50919998,1,88.449997,0.8099979999999931
485,2016-12-02,86.25,88.800003,85.120003,88.449997,88.106735,11957300,92.3770005,74.97779998,1,91.879997,3.430000000000007
486,2016-12-05,89.989998,92.610001,89.0,91.879997,91.523422,15057100,92.2290001,75.51639998,1,93.389999,1.510002
487,2016-12-06,92.209999,93.730003,91.57,93.389999,93.027565,12469900,92.2699997,76.09740004,1,95.07,1.68000099999999
488,2016-12-07,92.839996,95.300003,92.099998,95.07,94.701042,12020100,92.41199950000001,76.66800002,1,93.480003,-1.5899969999999968
489,2016-12-08,95.190002,96.620003,93.050003,93.480003,93.117218,9538600,92.3629997,77.20200009999999,1,91.82,-1.6600030000000032
490,2016-12-09,94.199997,94.269997,90.709999,91.82,91.463654,9557800,92.1289993,77.69040006,1,89.589996,-2.230003999999994
491,2016-12-12,89.849998,89.949997,87.540001,89.589996,89.242302,15033300,91.6769988,78.11180003999999,1,91.169998,1.5800020000000075
492,2016-12-13,90.089996,92.290001,90.050003,91.169998,90.816185,9694900,91.46899859999999,78.56620006,1,96.449997,5.2799989999999895
493,2016-12-14,92.540001,97.110001,91.57,96.449997,96.075676,24599500,91.8939986,79.12919993999999,1,98.709999,2.260002
494,2016-12-15,96.900002,99.940002,96.599998,98.709999,98.326912,18663700,93.0009986,79.73879986,1,100.410004,1.7000050000000044
495,2016-12-16,99.830002,100.699997,97.730003,100.410004,100.020325,26861700,94.1969993,80.40020002,1,101.629997,1.2199930000000023
496,2016-12-19,99.699997,102.449997,99.0,101.629997,101.23558,18616400,95.17199930000001,81.0958,1,105.169998,3.5400010000000037
497,2016-12-20,104.580002,106.129997,104.120003,105.169998,104.761848,21201400,96.34999919999998,81.8572,1,105.830002,0.6600039999999865
498,2016-12-21,105.639999,105.949997,103.709999,105.830002,105.419289,14403400,97.4259994,82.65120010000001,1,107.110001,1.2799990000000037
499,2016-12-22,106.82,108.870003,106.529999,107.110001,106.694313,17965300,98.7889992,83.46480012,1,109.779999,2.6699980000000068
500,2016-12-23,106.379997,109.839996,106.269997,109.779999,109.353958,16168700,100.5849991,84.35340014000002,1,117.32,7.5400009999999895
501,2016-12-27,112.059998,117.360001,111.220001,117.32,116.864693,29856800,103.3579995,85.38000018000001,1,109.25,-8.069999999999993
502,2016-12-28,119.599998,119.93,108.690002,109.25,108.826019,57394100,105.1659997,86.25280016,1,111.43,2.180000000000007
503,2016-12-29,104.900002,111.489998,102.800003,111.43,110.997551,54036800,106.66399999999999,87.14920014,1,106.739998,-4.690002000000007
504,2016-12-30,111.349998,111.919998,106.300003,106.739998,106.325752,30323300,107.46699989999999,87.95460008,1,102.010002,-4.729996
505,2017-01-03,104.400002,106.370003,99.379997,102.010002,101.61412,37549900,107.62699969999998,88.64020006000001,1,104.389999,2.379997000000003
506,2017-01-04,103.400002,105.5,101.529999,104.389999,103.984879,29980500,107.90299990000001,89.37720002,1,101.739998,-2.650001000000003
507,2017-01-05,104.529999,105.82,101.050003,101.739998,101.345154,24607400,107.55999990000001,89.99780000000001,1,103.099998,1.3599999999999994
508,2017-01-06,102.849998,104.25,101.199997,103.099998,102.699883,20571400,107.28699950000001,90.6223999,1,107.279999,4.180001000000004
509,2017-01-09,103.5,108.0,103.5,107.279999,106.863663,22857700,107.30399929999999,91.3247998,1,106.470001,-0.8099980000000073
510,2017-01-10,107.809998,109.190002,105.629997,106.470001,106.056801,22023000,106.97299949999999,92.04059981999998,1,105.160004,-1.3099969999999956
511,2017-01-11,106.0,106.199997,104.150002,105.160004,104.751884,13141600,105.75699990000001,92.73259994,1,103.440002,-1.7200019999999938
512,2017-01-12,104.230003,104.699997,101.620003,103.440002,103.038567,15640400,105.17600010000001,93.3781999,1,103.43,-0.010002000000000066
513,2017-01-13,103.599998,105.0,103.059998,103.43,103.028595,11445500,104.37600010000001,94.06579984,1,101.110001,-2.31999900000001
514,2017-01-17,103.0,103.199997,100.57,101.110001,100.717606,14497600,103.8130004,94.71279982,1,102.949997,1.8399959999999993
515,2017-01-18,100.239998,103.230003,99.110001,102.949997,102.550461,16360600,103.9069999,95.41259977999998,1,105.160004,2.2100070000000045
516,2017-01-19,103.07,106.459999,102.980003,105.160004,104.751884,16121800,103.98400040000001,96.16439985999999,1,104.010002,-1.1500020000000006
517,2017-01-20,106.080002,106.800003,103.120003,104.010002,103.606346,12300600,104.21100080000001,96.81919996,1,105.089996,1.0799939999999992
518,2017-01-23,103.800003,105.900002,103.699997,105.089996,104.682152,9247600,104.41000059999999,97.4977998,1,107.330002,2.240005999999994
519,2017-01-24,105.5,107.580002,104.900002,107.330002,106.913467,10701300,104.4150009,98.24519986000001,1,107.790001,0.4599990000000105
520,2017-01-25,109.050003,109.300003,106.330002,107.790001,107.371681,13069000,104.54700089999999,99.04559993999999,1,109.650002,1.860000999999997
521,2017-01-26,107.900002,109.949997,106.699997,109.650002,109.22446399999998,11470000,104.99600070000001,99.47919996,1,111.769997,2.119995000000003
522,2017-01-27,109.93,111.889999,108.849998,111.769997,111.336227,11799900,105.8290002,100.04179992000002,1,110.019997,-1.75
523,2017-01-30,110.919998,111.010002,107.910004,110.019997,109.593018,12400100,106.4879999,100.51839982,1,109.18,-0.8399969999999968
524,2017-01-31,108.949997,110.050003,108.199997,109.18,108.756279,9068900,107.2949998,100.86939988,1,113.949997,4.769996999999989
525,2017-02-01,110.580002,114.120003,109.860001,113.949997,113.507767,14750100,108.39499980000001,101.30059983999999,1,115.389999,1.4400020000000069
526,2017-02-02,113.300003,115.739998,112.059998,115.389999,114.942184,12081000,109.41799929999999,101.74119979999999,1,114.379997,-1.010002
527,2017-02-03,115.449997,115.900002,113.900002,114.379997,113.936104,9318600,110.4549988,102.16919967999998,1,117.309998,2.93000099999999
528,2017-02-06,114.0,117.330002,114.0,117.309998,116.85473600000002,12669200,111.676999,102.6423996,1,119.129997,1.81999900000001
529,2017-02-07,118.699997,120.919998,117.900002,119.129997,118.667664,18655600,112.8569985,103.14559951999999,1,118.610001,-0.5199960000000061
530,2017-02-08,118.400002,119.309998,116.379997,118.610001,118.149681,11239500,113.9389985,103.63459946,1,116.379997,-2.230003999999994
531,2017-02-09,118.860001,119.059998,115.599998,116.379997,115.928345,21064200,114.611998,104.07999938,1,113.620003,-2.759994000000006
532,2017-02-10,119.93,120.699997,112.599998,113.620003,113.17906200000002,41277300,114.79699860000001,104.48739944,1,108.379997,-5.240005999999994
533,2017-02-13,113.389999,113.980003,108.199997,108.379997,107.959381,29518100,114.6329986,104.81099944000002,1,108.779999,0.40000200000000063
534,2017-02-14,107.989998,110.150002,106.290001,108.779999,108.357834,21247300,114.5929985,105.23379943999998,1,109.0,0.22000099999999634
535,2017-02-15,108.900002,109.800003,107.760002,109.0,108.576988,9325500,114.09799879999998,105.64479949999999,1,107.25,-1.75
536,2017-02-16,109.389999,109.440002,105.660004,107.25,106.833771,16179400,113.28399889999999,105.95219956,1,107.230003,-0.019997000000003595
537,2017-02-17,106.699997,107.410004,104.790001,107.230003,106.81385,14093500,112.56899949999999,106.22899964,1,111.07,3.8399969999999968
538,2017-02-21,108.230003,111.230003,108.220001,111.07,110.638954,13798800,111.9449997,106.54899964,1,110.760002,-0.3099979999999931
539,2017-02-22,111.419998,111.800003,109.989998,110.760002,110.469391,10844300,111.10800019999999,106.89459962,1,100.489998,-10.270004
540,2017-02-23,105.5,106.389999,99.68,100.489998,100.226341,39822200,109.2959999,107.06799957999999,1,101.459999,0.9700009999999963
541,2017-02-24,97.07,102.0,95.699997,101.459999,101.193794,25747600,107.80400009999998,107.30539963999999,1,104.410004,2.9500050000000044
542,2017-02-27,102.199997,105.019997,101.559998,104.410004,104.136063,17885000,106.8830002,107.57019976,0,101.480003,0.0
543,2017-02-28,104.800003,105.199997,100.779999,101.480003,101.213745,15634000,106.19300080000001,107.67079987999999,0,102.790001,0.0
544,2017-03-01,103.790001,104.370003,101.110001,102.790001,102.520302,12620100,105.594001,107.75239992,0,99.0,0.0
545,2017-03-02,102.269997,102.839996,98.889999,99.0,98.74025,18858300,104.594001,107.72419984,0,98.43,0.0
546,2017-03-03,98.57,98.769997,96.220001,98.43,98.171745,21617300,103.71200100000001,107.66019990000001,0,97.669998,0.0
547,2017-03-06,96.959999,98.099998,95.169998,97.669998,97.413734,22089200,102.7560005,107.51019989999999,0,98.739998,0.0
548,2017-03-07,97.669998,99.529999,97.150002,98.739998,98.480934,15085000,101.5230003,107.36839982,0,98.559998,0.0
549,2017-03-08,100.699997,101.300003,98.470001,98.559998,98.301399,15967800,100.3029999,107.19739976000001,0,98.540001,0.0
550,2017-03-09,97.910004,99.449997,97.400002,98.540001,98.281456,11951500,100.1080002,106.97259979999998,0,99.120003,0.0
551,2017-03-10,99.610001,100.089996,98.379997,99.120003,98.85994,12493500,99.8740006,106.60859986,0,101.849998,0.0
552,2017-03-13,99.540001,102.25,99.510002,101.849998,101.582771,19353400,99.61800000000001,106.46059982000001,0,101.779999,0.0
553,2017-03-14,102.370003,102.75,100.470001,101.779999,101.512955,13050400,99.6479996,106.26759979999999,0,102.550003,0.0
554,2017-03-15,102.25,102.989998,100.32,102.550003,102.280945,15375900,99.6239998,106.1837999,0,103.809998,0.0
555,2017-03-16,102.980003,103.830002,102.410004,103.809998,103.537636,13077500,100.1049996,106.21979981999999,0,106.07,0.0
556,2017-03-17,104.519997,106.120003,103.809998,106.07,105.791695,27992200,100.8689996,106.25339984,0,109.449997,0.0
557,2017-03-20,106.779999,109.610001,106.129997,109.449997,109.162827,18714200,102.0469995,106.40759982,0,105.910004,0.0
558,2017-03-21,108.75,109.959999,105.589996,105.910004,105.632126,22837100,102.7640001,106.46379994,0,108.07,0.0
559,2017-03-22,105.459999,108.260002,105.300003,108.07,107.786453,15419100,103.7150003,106.47959996,0,107.089996,0.0
560,2017-03-23,107.75,108.559998,106.699997,107.089996,106.809021,13348500,104.5699998,106.49199985999999,0,107.470001,0.0
561,2017-03-24,108.970001,109.290001,106.419998,107.470001,107.188026,10987500,105.4049996,106.5381998,0,108.25,0.0
562,2017-03-27,105.580002,108.410004,103.580002,108.25,107.965973,12666100,106.0449998,106.63439976000001,0,107.690002,0.0
563,2017-03-28,108.300003,108.889999,107.269997,107.690002,107.407455,10811100,106.6360001,106.7195998,0,107.339996,0.0
564,2017-03-29,107.989998,108.489998,107.25,107.339996,107.058365,8749800,107.11499939999999,106.8441997,1,109.400002,2.0600060000000013
565,2017-03-30,107.629997,110.0,107.400002,109.400002,109.112968,13138300,107.6739998,106.9731998,1,108.93,-0.4700019999999938
566,2017-03-31,109.010002,109.889999,108.400002,108.93,108.644203,11020200,107.95999980000002,107.04859972,1,108.379997,-0.5500030000000038
567,2017-04-03,108.949997,109.650002,107.419998,108.379997,108.095634,11130800,107.85299979999999,107.13599962,1,100.779999,-7.599997999999999
568,2017-04-04,103.400002,104.419998,100.339996,100.779999,100.515587,31782000,107.3399993,107.04979967999999,1,100.029999,-0.75
569,2017-04-05,100.019997,102.370003,99.5,100.029999,99.767548,18676200,106.53599919999999,106.90379961999999,0,100.760002,0.0
570,2017-04-06,100.239998,101.25,98.410004,100.760002,100.495636,15878000,105.9029998,106.76319964,0,100.330002,0.0
571,2017-04-07,101.019997,101.730003,99.720001,100.330002,100.066765,10726700,105.1889999,106.57679964,0,97.769997,0.0
572,2017-04-10,100.360001,100.629997,97.599998,97.769997,97.513474,18908300,104.14099960000001,106.29679963999999,0,98.120003,0.0
573,2017-04-11,96.550003,98.900002,96.349998,98.120003,97.862556,15453700,103.1839997,106.05879976,0,97.309998,0.0
574,2017-04-12,98.120003,98.699997,97.099998,97.309998,97.05468,10352300,102.1809999,105.82139972,0,95.489998,0.0
575,2017-04-13,96.330002,97.209999,95.489998,95.489998,95.239456,12672300,100.7899995,105.45219974000001,0,99.230003,0.0
576,2017-04-17,96.010002,99.239998,95.800003,99.230003,98.96965,12432300,99.8199998,105.12899982,0,99.290001,0.0
577,2017-04-18,98.650002,99.540001,97.599998,99.290001,99.029488,9252900,98.9110002,104.82719990000001,0,99.68,0.0
578,2017-04-19,100.0,100.980003,99.410004,99.68,99.418465,9520700,98.80100030000001,104.47459993999999,0,101.260002,0.0
579,2017-04-20,100.269997,101.449997,99.410004,101.260002,100.994316,10100400,98.9240006,104.11720003999999,0,101.68,0.0
580,2017-04-21,100.839996,101.790001,100.360001,101.68,101.413216,8547400,99.0160004,103.77860002,0,102.949997,0.0
581,2017-04-24,102.959999,103.480003,102.110001,102.949997,102.679886,9295500,99.27799990000001,103.51000001999999,0,104.739998,0.0
582,2017-04-25,103.540001,105.330002,102.669998,104.739998,104.465195,9711000,99.975,103.33239991999999,0,104.019997,0.0
583,2017-04-26,105.290001,105.389999,103.940002,104.019997,103.74707,8175100,100.5649994,103.24519991999999,0,105.639999,0.0
584,2017-04-27,104.32,105.980003,103.589996,105.639999,105.362823,7992500,101.3979995,103.18239992000001,0,104.300003,0.0
585,2017-04-28,105.360001,105.639999,104.07,104.300003,104.026344,8677600,102.279,103.08839998000002,0,106.639999,0.0
586,2017-05-01,104.739998,106.849998,104.449997,106.639999,106.360207,7693300,103.0199996,103.07619996000001,0,103.480003,0.0
587,2017-05-02,105.550003,105.599998,102.559998,103.480003,103.208504,15749300,103.4389998,103.00119996,1,104.25,0.7699970000000036
588,2017-05-03,103.199997,104.639999,102.599998,104.25,103.976479,8422600,103.8959998,102.86479996,1,103.849998,-0.40000200000000063
589,2017-05-04,104.5,104.949997,103.529999,103.849998,103.577522,5244700,104.1549994,102.72659988,1,103.860001,0.010002999999997542
590,2017-05-05,103.379997,104.150002,102.75,103.860001,103.587502,5710700,104.37299949999999,102.79399993999999,1,102.769997,-1.0900039999999933
591,2017-05-08,104.339996,104.400002,102.309998,102.769997,102.500351,9131000,104.35499949999999,102.8201999,1,102.940002,0.1700050000000033
592,2017-05-09,103.0,104.93,102.660004,102.940002,102.669922,21191800,104.17499989999999,102.79079986,1,121.290001,18.349998999999997
593,2017-05-10,114.290001,121.82,114.019997,121.290001,120.971764,53227400,105.90200030000001,103.18699982,1,126.5,5.209998999999996
594,2017-05-11,120.050003,130.429993,119.910004,126.5,126.168098,48494800,107.9880004,103.66119979999999,1,127.889999,1.389999000000003
595,2017-05-12,126.629997,129.600006,125.779999,127.889999,127.554443,24065500,110.34700000000001,104.23899978,1,134.309998,6.419999000000004
596,2017-05-15,129.559998,134.410004,129.380005,134.309998,133.957596,27188500,113.1139999,104.95659974,1,136.809998,2.5
597,2017-05-16,136.380005,137.440002,133.360001,136.809998,136.45103500000002,28017500,116.44699940000001,105.73939974000001,1,127.720001,-9.089997000000011
598,2017-05-17,134.100006,134.860001,127.550003,127.720001,127.384903,31784200,118.7939995,106.3189998,1,133.070007,5.350006000000008
599,2017-05-18,129.5,133.429993,127.050003,133.070007,132.720871,28900800,121.71600040000001,107.00919997999999,1,136.0,2.929992999999996
600,2017-05-19,137.029999,138.220001,135.220001,136.0,135.786026,25459300,124.9300003,107.75839996,1,138.899994,2.8999939999999924
601,2017-05-22,137.770004,139.479996,137.330002,138.899994,138.681473,20915200,128.54299999999998,108.55399978000001,1,137.029999,-1.8699949999999887
602,2017-05-23,139.699997,139.78999299999998,135.71000700000002,137.029999,136.81440700000002,17031200,131.95199970000002,109.2575998,1,138.570007,1.5400080000000003
603,2017-05-24,140.96000700000002,141.070007,138.080002,138.570007,138.352005,20399900,133.68000030000002,109.99339996,1,138.259995,-0.3100120000000004
604,2017-05-25,140.0,140.029999,136.440002,138.259995,138.04248,15205700,134.8559998,110.70759980000001,1,141.839996,3.58000100000001
605,2017-05-26,137.929993,145.279999,137.110001,141.839996,141.616837,19478500,136.2509995,111.46819976,1,144.869995,3.0299989999999752
606,2017-05-30,143.699997,146.28999299999998,143.050003,144.869995,144.64205900000002,24741300,137.3069992,112.24419965999999,1,144.350006,-0.5199889999999812
607,2017-05-31,146.690002,147.0,142.050003,144.350006,144.122894,22182900,138.06099999999998,112.94219984,1,144.360001,0.009995000000003529
608,2017-06-01,144.990005,145.029999,142.520004,144.360001,144.132874,12583500,139.725,113.71119977999999,1,143.639999,-0.7200020000000222
609,2017-06-02,144.240005,145.300003,143.399994,143.639999,143.414001,12186400,140.7819992,114.42259976,1,148.009995,4.369996000000015
610,2017-06-05,142.979996,148.529999,142.509995,148.009995,147.77711499999998,20434400,141.9829987,115.24099974,1,147.339996,-0.66999899999999
611,2017-06-06,147.820007,149.690002,146.800003,147.339996,147.10818500000002,18968200,142.8269989,116.03839964,1,149.119995,1.7799989999999752
612,2017-06-07,148.330002,149.880005,147.699997,149.119995,148.885376,15315300,144.0359985,116.85579953999999,1,159.940002,10.820007000000004
613,2017-06-08,153.46000700000002,160.0,151.78999299999998,159.940002,159.68837,28579300,146.172998,117.90079954000001,1,149.600006,-10.339995999999985
614,2017-06-09,164.740005,168.5,142.75,149.600006,149.36463899999998,92323200,147.3069991,118.74599973999999,1,149.970001,0.36999499999998875
615,2017-06-12,145.880005,151.699997,142.110001,149.970001,149.734039,42438300,148.11999959999997,119.55739972,1,151.399994,1.429992999999996
616,2017-06-13,154.399994,154.770004,145.649994,151.399994,151.161789,41812600,148.7729995,120.4067996,1,151.720001,0.3200070000000039
617,2017-06-14,151.520004,154.059998,148.5,151.720001,151.481308,29616000,149.509999,121.27359968,1,152.369995,0.6499939999999924
618,2017-06-15,146.96000700000002,153.600006,146.5,152.369995,152.13026399999998,24095600,150.3109984,122.3053996,1,151.619995,-0.75
619,2017-06-16,152.759995,154.699997,150.240005,151.619995,151.381439,23124000,151.10899799999999,123.33719952000001,1,157.320007,5.700012000000015
620,2017-06-19,153.410004,157.529999,153.259995,157.320007,157.072495,19454400,152.03999919999998,124.46839962,1,157.089996,-0.23001099999999042
621,2017-06-20,159.029999,161.740005,156.919998,157.089996,156.84285,27386100,153.01499919999998,125.6035995,1,159.470001,2.380004999999983
622,2017-06-21,158.21000700000002,159.619995,155.699997,159.470001,159.219101,17066300,154.0499998,126.83759958,1,158.369995,-1.1000060000000076
623,2017-06-22,159.800003,160.339996,157.399994,158.369995,158.120834,11728300,153.8929991,128.04259942000002,1,153.830002,-4.539992999999981
624,2017-06-23,158.679993,159.320007,153.220001,153.830002,153.587982,27214700,154.3159987,129.17299949999997,1,152.149994,-1.680008000000015
625,2017-06-26,155.160004,156.600006,148.330002,152.149994,151.91061399999998,26599000,154.533998,130.30619941999998,1,146.580002,-5.569991999999985
626,2017-06-27,151.440002,151.78999299999998,146.350006,146.580002,146.34938,24987300,154.0519988,131.2531994,1,151.75,5.1699979999999925
627,2017-06-28,149.320007,151.940002,145.75,151.75,151.511246,24873700,154.0549987,132.30239938,1,146.679993,-5.070007000000004
628,2017-06-29,150.600006,150.720001,144.080002,146.679993,146.449219,26610600,153.4859985,133.24239924000003,1,144.559998,-2.1199949999999887
629,2017-06-30,147.380005,147.929993,143.5,144.559998,144.33255,18276500,152.7799988,134.10839916,1,139.330002,-5.229996
630,2017-07-03,145.050003,145.649994,138.580002,139.330002,139.110794,17726800,150.9809983,134.8613992,1,143.050003,3.7200009999999963
631,2017-07-05,141.899994,144.220001,141.130005,143.050003,142.824936,20504700,149.576999,135.66339932,1,143.479996,0.4299929999999961
632,2017-07-06,141.869995,145.380005,139.759995,143.479996,143.254257,18657100,147.97799849999998,136.43819928000002,1,146.759995,3.2799990000000037
633,2017-07-07,145.779999,147.5,144.850006,146.759995,146.529099,16374300,146.8169985,137.29299924,1,153.699997,6.940001999999993
634,2017-07-10,149.740005,154.0,148.679993,153.699997,153.458176,23962300,146.803998,138.25419920000002,1,155.880005,2.180008000000015
635,2017-07-11,153.850006,156.190002,152.149994,155.880005,155.63476599999998,18948900,147.17699910000002,139.28579924,1,162.509995,6.629989999999992
636,2017-07-12,158.300003,163.0,156.559998,162.509995,162.25431799999998,28630200,148.7699984,140.40319916,1,160.630005,-1.8799899999999923
637,2017-07-13,163.0,166.300003,158.75,160.630005,160.377289,34228300,149.6579989,141.54619920000002,1,164.949997,4.319991999999985
638,2017-07-14,161.28999299999998,165.009995,161.009995,164.949997,164.690475,23548700,151.4849993,142.76019914,1,164.25,-0.6999969999999962
639,2017-07-17,166.330002,167.5,161.75,164.25,163.991577,23269800,153.4539995,143.96819918,1,165.96000700000002,1.7100070000000187
640,2017-07-18,161.779999,166.550003,161.300003,165.96000700000002,165.698898,19416000,156.117,145.2101993,1,165.100006,-0.8600010000000111
641,2017-07-19,166.330002,167.399994,164.610001,165.100006,164.840256,17176100,158.3220003,146.45679948,1,167.5,2.3999939999999924
642,2017-07-20,165.929993,167.509995,163.910004,167.5,167.23646499999998,17489900,160.7240007,147.74799944,1,168.100006,0.6000060000000076
643,2017-07-21,166.669998,169.300003,166.089996,168.100006,167.835526,16208300,162.85800179999998,148.68419954,1,166.149994,-1.9500120000000152
644,2017-07-24,168.389999,168.779999,165.720001,166.149994,165.888596,16313100,164.1030015,149.47719942,1,165.350006,-0.7999879999999848
645,2017-07-25,165.220001,165.929993,163.580002,165.350006,165.08985900000002,12413900,165.0500016,150.22639956,1,167.259995,1.909988999999996
646,2017-07-26,167.679993,169.929993,165.850006,167.259995,166.996841,16010100,165.52500160000002,150.8853995,1,161.740005,-5.519990000000007
647,2017-07-27,168.270004,168.740005,157.559998,161.740005,161.485535,19571400,165.6360016,151.38399964,1,164.389999,2.6499939999999924
648,2017-07-28,160.28999299999998,165.380005,159.279999,164.389999,164.131363,12833700,165.5800018,152.1173996,1,162.509995,-1.8800039999999854
649,2017-07-31,164.940002,166.399994,160.619995,162.509995,162.25431799999998,13991800,165.4060013,152.70619936,1,164.490005,1.980009999999993
650,2017-08-01,162.130005,164.559998,161.0,164.490005,164.231201,10784600,165.2590011,153.27599946,1,164.389999,-0.10000600000000759
651,2017-08-02,165.75,165.910004,161.270004,164.389999,164.131363,11961100,165.1880004,153.78579956,1,166.479996,2.089997000000011
652,2017-08-03,164.369995,166.630005,163.679993,166.479996,166.21807900000002,11060500,165.08599999999998,154.3747995,1,167.21000700000002,0.7300110000000188
653,2017-08-04,167.399994,170.070007,166.479996,167.21000700000002,166.946945,14727400,164.9970001,154.9475995,1,172.350006,5.139998999999989
654,2017-08-07,168.389999,172.369995,168.0,172.350006,172.07884199999998,17935300,165.6170013,155.62939972,1,170.300003,-2.050003000000004
655,2017-08-08,173.889999,174.559998,168.71000700000002,170.300003,170.032059,18883400,166.11200100000002,156.19859986,1,172.110001,1.8099980000000073
656,2017-08-09,168.429993,172.21000700000002,167.669998,172.110001,171.839218,13269600,166.5970016,156.74339998,1,164.740005,-7.369996000000015
657,2017-08-10,172.160004,172.660004,164.330002,164.740005,164.48082,33202200,166.8970016,157.15119996,1,155.96000700000002,-8.779997999999978
658,2017-08-11,157.139999,159.0,152.910004,155.96000700000002,155.71463,37429900,166.0540024,157.38320008,1,168.399994,12.439986999999974
659,2017-08-14,159.669998,168.550003,159.199997,168.399994,168.135056,31818000,166.64300229999998,157.87839998,1,166.979996,-1.4199979999999925
660,2017-08-15,168.610001,169.669998,165.589996,166.979996,166.717285,19113300,166.8920014,158.2578,1,165.149994,-1.8300020000000075
661,2017-08-16,167.589996,168.53999299999998,163.839996,165.149994,164.890152,14915800,166.96800090000002,158.61399996,1,161.470001,-3.679992999999996
662,2017-08-17,164.809998,165.5,161.380005,161.470001,161.215973,13136100,166.46700140000002,158.86100008000003,1,161.5,0.02999900000000366
663,2017-08-18,163.669998,164.360001,159.639999,161.5,161.245911,15030100,165.8960007,158.89220004,1,159.149994,-2.3500060000000076
664,2017-08-21,162.490005,162.949997,157.369995,159.149994,158.899597,15591800,164.57599950000002,159.0831998,1,162.550003,3.4000090000000114
665,2017-08-22,160.490005,162.78999299999998,159.71000700000002,162.550003,162.437149,11261400,163.8009995,159.33479984,1,165.800003,3.25
666,2017-08-23,161.199997,166.25,160.850006,165.800003,165.684891,14488000,163.1699997,159.62280002,1,165.190002,-0.6100010000000111
667,2017-08-24,167.100006,167.279999,164.119995,165.190002,165.07531699999998,11742500,163.2149994,159.89220003999998,1,163.809998,-1.3800039999999854
668,2017-08-25,166.169998,166.580002,163.550003,163.809998,163.696274,8930000,163.9999985,160.1210001,1,164.970001,1.160002999999989
669,2017-08-28,164.580002,165.100006,162.330002,164.970001,164.855469,9737400,163.65699920000003,160.38800021999998,1,164.699997,-0.27000400000000013
670,2017-08-29,162.589996,165.580002,162.259995,164.699997,164.585648,8102400,163.42899930000002,160.53560002,1,165.679993,0.9799959999999999
671,2017-08-30,165.5,166.130005,164.270004,165.679993,165.56497199999998,9610000,163.4819992,160.70739996,1,169.440002,3.7600089999999966
672,2017-08-31,166.5,169.600006,166.199997,169.440002,169.322357,15317100,164.2789993,160.90679998,1,170.46000700000002,1.020005000000026
673,2017-09-01,169.949997,171.899994,169.600006,170.46000700000002,170.34166000000002,11135800,165.175,161.14860022000002,1,165.910004,-4.550003000000032
674,2017-09-05,168.380005,168.580002,163.559998,165.910004,165.794815,17384100,165.851001,161.39020026,1,165.809998,-0.10000599999997917
675,2017-09-06,167.240005,167.800003,164.399994,165.809998,165.694885,9941800,166.17700050000002,161.66340034,1,166.580002,0.7700040000000001
676,2017-09-07,166.490005,167.889999,164.949997,166.580002,166.464355,8821700,166.25500040000003,162.06340034000002,1,163.690002,-2.890000000000015
677,2017-09-08,166.110001,166.71000700000002,162.71000700000002,163.690002,163.576355,12471400,166.1050004,162.30220038000002,1,169.0,5.309998000000007
678,2017-09-11,165.53999299999998,169.429993,165.320007,169.0,168.88266000000002,14186100,166.6240006,162.74860052,1,169.610001,0.6100010000000111
679,2017-09-12,170.0,170.0,166.970001,169.610001,169.492249,10287200,167.0880006,163.24960058,1,170.369995,0.7599939999999776
680,2017-09-13,168.589996,171.53999299999998,167.279999,170.369995,170.251709,14524000,167.6550004,163.87040044000003,1,169.399994,-0.9700009999999963
681,2017-09-14,168.78999299999998,172.559998,167.800003,169.399994,169.282379,12842800,168.0270005,164.39740025999998,1,180.110001,10.710007000000019
682,2017-09-15,172.860001,180.110001,172.649994,180.110001,179.984955,34119800,169.0940004,165.13000036000003,1,187.550003,7.440001999999993
683,2017-09-18,185.139999,191.199997,184.860001,187.550003,187.419785,42111500,170.803,165.94580052,1,187.350006,-0.1999969999999962
684,2017-09-19,185.509995,189.850006,184.619995,187.350006,187.21994,21857000,172.9470002,166.61880069999998,1,185.839996,-1.510009999999994
685,2017-09-20,187.5,189.419998,184.210007,185.839996,185.710968,18123000,174.95,167.21800051999998,1,180.759995,-5.08000100000001
686,2017-09-21,181.639999,182.699997,177.610001,180.759995,180.634491,26890000,176.3679993,167.58300051999998,1,179.0,-1.7599950000000035
687,2017-09-22,180.300003,182.309998,178.600006,179.0,178.875732,12280800,177.89899910000003,167.95040042,1,171.0,-8.0
688,2017-09-25,177.75,177.800003,170.160004,171.0,170.881287,21864500,178.09899910000001,168.07140048000002,1,171.96000700000002,0.9600070000000187
689,2017-09-26,176.449997,178.679993,170.350006,171.96000700000002,171.840622,28140500,178.3339997,168.22560062,1,175.729996,3.769988999999981
690,2017-09-27,175.619995,176.270004,172.75,175.729996,175.607986,17843000,178.86999980000002,168.42100039999997,1,175.679993,-0.050003000000003794
691,2017-09-28,176.020004,176.179993,173.759995,175.679993,175.558029,10881100,179.49799969999998,168.63260014,1,178.770004,3.090011000000004
692,2017-09-29,179.080002,179.729996,177.25,178.770004,178.64588899999998,15477300,179.36399999999998,168.85800022000004,1,179.0,0.22999599999999987
693,2017-10-02,180.800003,181.979996,177.0,179.0,178.875732,12587000,178.5089997,169.07600010000002,1,179.369995,0.36999499999998875
694,2017-10-03,179.25,180.580002,177.580002,179.369995,179.245468,9758300,177.71099859999998,169.34040012000003,1,180.869995,1.5
695,2017-10-04,179.619995,181.770004,178.139999,180.869995,180.744415,10696200,177.2139985,169.65079989999998,1,180.770004,-0.09999099999998862
696,2017-10-05,181.860001,182.0,179.559998,180.770004,180.644501,10934100,177.21499939999998,169.92100008,1,181.300003,0.5299990000000037
697,2017-10-06,179.649994,181.839996,179.0,181.300003,181.174133,7970000,177.44499969999998,170.31220004,1,185.389999,4.089995999999985
698,2017-10-09,182.789993,186.729996,182.029999,185.389999,185.261292,14087300,178.88399959999998,170.73220003999998,1,188.929993,3.539994000000007
699,2017-10-10,191.429993,192.949997,187.259995,188.929993,188.798828,24371900,180.5809982,171.2606,1,190.940002,2.0100089999999966
700,2017-10-11,189.600006,191.0,187.740005,190.940002,190.807434,13237700,182.1019988,171.78959993999996,1,191.029999,0.08999700000001098
701,2017-10-12,191.080002,193.089996,189.929993,191.029999,190.897369,13207300,183.6369994,172.32239994,1,194.589996,3.55999700000001
702,2017-10-13,193.550003,195.0,191.649994,194.589996,194.454895,15718200,185.21899860000002,172.88459994000002,1,197.929993,3.3399969999999826
703,2017-10-16,195.800003,198.050003,193.240005,197.929993,197.792572,14416000,187.1119979,173.49899966,1,197.75,-0.17999299999999607
704,2017-10-17,197.089996,198.899994,196.350006,197.75,197.612701,11964900,188.9499984,174.00699954,1,197.580002,-0.16999799999999254
705,2017-10-18,198.110001,198.139999,193.320007,197.580002,197.442825,14182900,190.6209991,174.55259952,1,197.800003,0.22000099999999634
706,2017-10-19,194.440002,198.0,192.449997,197.800003,197.662674,14269300,192.32399900000001,175.06639955999998,1,196.899994,-0.9000090000000114
707,2017-10-20,198.490005,199.589996,196.539993,196.899994,196.76329,11290500,193.8839981,175.70959934,1,196.619995,-0.27999900000000366
708,2017-10-23,197.779999,198.850006,195.800003,196.619995,196.48349,10717400,195.0069977,176.5227991,1,198.679993,2.0599980000000073
709,2017-10-24,196.990005,198.75,195.940002,198.679993,198.542053,10181100,195.98199770000002,177.12839907999998,1,193.660004,-5.01998900000001
710,2017-10-25,197.080002,199.220001,191.169998,193.660004,193.525543,20704000,196.2539979,177.66199924,1,195.690002,2.029998000000006
711,2017-10-26,194.779999,196.160004,193.809998,195.690002,195.554138,8068600,196.7199982,178.2727994,1,201.860001,6.169999000000018
712,2017-10-27,197.800003,201.869995,196.75,201.860001,201.719849,14304800,197.4469987,179.08059940000004,1,203.839996,1.9799950000000024
713,2017-10-30,201.860001,206.089996,201.220001,203.839996,203.698471,12601400,198.03799899999999,179.92739932,1,206.809998,2.970001999999994
714,2017-10-31,205.130005,207.889999,204.899994,206.809998,206.666412,10297700,198.9439988,180.8805994,1,207.199997,0.3899989999999889
715,2017-11-01,209.350006,209.970001,204.600006,207.199997,207.056137,12564400,199.90599830000002,181.77359927999998,1,205.940002,-1.2599950000000035
716,2017-11-02,206.0,207.809998,203.649994,205.940002,205.797028,8557700,200.71999820000002,182.57639926,1,208.690002,2.75
717,2017-11-03,207.199997,208.690002,205.339996,208.690002,208.54512,8841000,201.89899899999998,183.44639926,1,209.630005,0.9400030000000186
718,2017-11-06,207.199997,209.979996,206.699997,209.630005,209.484467,9748600,203.2,184.3627994,1,212.02999900000003,2.399994000000021
719,2017-11-07,210.550003,212.899994,210.059998,212.02999900000003,211.882797,10692500,204.5350006,185.30399935999998,1,209.160004,-2.8699950000000456
720,2017-11-08,211.850006,212.0,207.240005,209.160004,209.014786,13074700,206.0850006,186.19319949999996,1,205.320007,-3.8399969999999826
721,2017-11-09,205.270004,206.330002,200.369995,205.320007,205.17746,24464100,207.04800110000002,186.98599978,1,216.139999,10.819991999999985
722,2017-11-10,213.080002,218.669998,211.630005,216.139999,215.989944,31331400,208.4760009,187.91999972000002,1,212.630005,-3.5099939999999776
723,2017-11-13,216.139999,217.169998,212.00999500000003,212.630005,212.482376,14559400,209.3550018,188.76339968,1,214.179993,1.5499879999999848
724,2017-11-14,213.0,214.800003,211.229996,214.179993,214.031296,13232300,210.0920013,189.72879945999998,1,209.979996,-4.199996999999996
725,2017-11-15,211.949997,212.0,207.800003,209.979996,209.834213,12548700,210.3700012,190.61219942,1,211.610001,1.6300050000000113
726,2017-11-16,212.979996,214.199997,211.25,211.610001,211.463089,11044200,210.9370011,191.5127994,1,211.360001,-0.25
727,2017-11-17,213.919998,215.350006,210.75,211.360001,211.213257,12891600,211.204001,192.46619938,1,214.080002,2.7200009999999963
728,2017-11-20,211.990005,214.570007,210.5,214.080002,213.93136600000005,9902500,211.64900070000004,193.36779942,1,216.050003,1.9700009999999963
729,2017-11-21,215.690002,216.520004,214.399994,216.050003,215.900009,9979400,212.05100110000004,194.29659946,1,214.929993,-1.1200100000000077
730,2017-11-22,217.0,217.0,213.610001,214.929993,214.929993,8916000,212.62800000000001,195.18779942,1,216.960007,2.030013999999994
731,2017-11-24,215.589996,217.0,214.600006,216.960007,216.960007,4518800,213.792,196.13899967999998,1,214.139999,-2.8200080000000014
732,2017-11-27,217.309998,217.360001,214.00999500000003,214.139999,214.139999,10572400,213.592,196.81959964,1,210.710007,-3.4299919999999986
733,2017-11-28,214.350006,214.729996,208.240005,210.710007,210.710007,12818800,213.40000019999997,197.28279972,1,196.419998,-14.290008999999998
734,2017-11-29,210.00999500000003,210.119995,191.229996,196.419998,196.419998,34919700,211.62400069999998,197.46419955999997,1,200.710007,4.290008999999998
735,2017-11-30,199.199997,202.679993,196.649994,200.710007,200.710007,20594200,210.6970018,197.76159977999998,1,197.679993,-3.030013999999994
736,2017-12-01,199.309998,200.130005,192.470001,197.679993,197.679993,20288700,209.30400099999997,198.09999974000002,1,186.660004,-11.01998900000001
737,2017-12-04,200.050003,200.300003,184.5,186.660004,186.660004,31021100,206.8340013,198.25319982000002,1,187.740005,1.08000100000001
738,2017-12-05,182.399994,192.699997,180.580002,187.740005,187.740005,24537200,204.2000016,198.58799992000002,1,189.259995,1.519990000000007
739,2017-12-06,185.699997,190.139999,184.839996,189.259995,189.259995,11675800,201.5210008,198.93399968000003,1,191.990005,2.730009999999993
740,2017-12-07,191.960007,193.600006,190.119995,191.990005,191.990005,13565000,199.227002,199.25919986,0,191.490005,0.0
741,2017-12-08,194.009995,194.779999,191.149994,191.490005,191.490005,11671900,196.68000179999999,199.57540009999997,0,194.660004,0.0
742,2017-12-11,192.059998,194.779999,191.419998,194.660004,194.660004,9318700,194.73200229999998,199.8932001,0,190.839996,0.0
743,2017-12-12,192.899994,193.839996,189.889999,190.839996,190.839996,11375400,192.7450012,200.13000001999998,0,186.179993,0.0
744,2017-12-13,192.5,192.550003,185.880005,186.179993,186.179993,13857000,191.7210007,200.26619997999998,0,186.470001,0.0
745,2017-12-14,185.919998,189.339996,184.600006,186.470001,186.470001,10954100,190.2970001,200.37820010000004,0,191.559998,0.0
746,2017-12-15,188.25,192.380005,185.619995,191.559998,191.559998,16750900,189.6850006,200.59399997999998,0,197.899994,0.0
747,2017-12-18,193.199997,198.020004,192.0,197.899994,197.899994,11942600,190.8089996,200.92599980000003,0,196.110001,0.0
748,2017-12-19,197.520004,197.729996,194.960007,196.110001,196.110001,9327500,191.6459992,201.14039984,0,196.800003,0.0
749,2017-12-20,197.699997,198.070007,194.550003,196.800003,196.800003,7220500,192.4,201.29780004,0,195.889999,0.0
750,2017-12-21,196.940002,197.949997,195.550003,195.889999,195.889999,7522600,192.7899994,201.39679998,0,195.270004,0.0
751,2017-12-22,194.399994,195.649994,191.25,195.270004,195.270004,11656900,193.1679993,201.48160008,0,197.440002,0.0
752,2017-12-26,193.029999,197.75,191.820007,197.440002,197.440002,8877000,193.44599910000002,201.5386002,0,197.169998,0.0
753,2017-12-27,196.899994,199.970001,196.309998,197.169998,197.169998,8237200,194.0789993,201.5234003,0,197.399994,0.0
754,2017-12-28,198.130005,199.380005,197.149994,197.399994,197.399994,6006200,195.2009994,201.51640017999998,0,193.5,0.0
755,2017-12-29,198.460007,198.460007,193.5,193.5,193.5,6999100,195.9039993,201.43480013999996,0,199.350006,0.0
756,2018-01-02,195.779999,199.5,194.5,199.350006,199.350006,8890400,196.68300010000002,201.46580020000002,0,212.470001,0.0
757,2018-01-03,204.100006,213.699997,203.75,212.470001,212.470001,22867600,198.1400008,201.77720033999998,0,213.589996,0.0
758,2018-01-04,215.75999500000003,218.050003,212.690002,213.589996,213.589996,14581700,199.8880003,202.11660036,0,215.399994,0.0
759,2018-01-05,214.190002,216.910004,211.080002,215.399994,215.399994,14503100,201.74799939999997,202.45100038,0,222.0,0.0
760,2018-01-08,220.399994,225.0,218.580002,222.0,222.0,22030400,204.35899949999998,203.01780029999998,1,221.940002,-0.05999800000000732
761,2018-01-09,222.220001,223.820007,218.639999,221.940002,221.940002,12425000,207.02599930000002,203.5428003,1,223.679993,1.7399910000000034
762,2018-01-10,218.199997,223.820007,216.0,223.679993,223.679993,14566600,209.64999840000002,203.97920014,1,224.080002,0.4000090000000114
763,2018-01-11,225.0,226.270004,223.210007,224.080002,224.080002,10150800,212.3409988,204.38400026,1,222.979996,-1.1000060000000076
764,2018-01-12,223.600006,224.990005,221.339996,222.979996,222.979996,8997900,214.898999,204.70740021999998,1,220.110001,-2.8699949999999887
765,2018-01-16,224.050003,227.50999500000003,216.690002,220.110001,220.110001,17558700,217.5599991,204.9656003,1,224.720001,4.609999999999985
766,2018-01-17,220.699997,225.119995,216.899994,224.720001,224.720001,13460200,220.0969986,205.34120028,1,224.440002,-0.27999900000000366
767,2018-01-18,223.940002,226.639999,222.679993,224.440002,224.440002,10215800,221.29399869999997,205.65620027999998,1,230.110001,5.669999000000018
768,2018-01-19,228.089996,231.089996,227.0,230.110001,230.110001,15234500,222.94599920000002,206.0658002,1,233.690002,3.5800009999999816
769,2018-01-22,230.429993,233.75999500000003,228.100006,233.690002,233.690002,13773600,224.775,206.49900026,1,238.910004,5.220001999999994
770,2018-01-23,235.850006,239.830002,235.100006,238.910004,238.910004,11880700,226.46600040000004,207.09400026000003,1,235.800003,-3.1100009999999827
771,2018-01-24,239.039993,240.490005,233.550003,235.800003,235.800003,14499300,227.85200049999997,207.70360018,1,236.350006,0.5500030000000038
772,2018-01-25,238.0,239.75,235.75,236.350006,236.350006,10247100,229.11900179999998,208.10780032,1,243.330002,6.979996
773,2018-01-26,238.119995,243.339996,237.600006,243.330002,243.330002,12908900,231.04400180000002,208.72180026,1,246.850006,3.520004
774,2018-01-29,242.740005,248.110001,240.610001,246.850006,246.850006,11377900,233.43100280000004,209.37520052,1,242.720001,-4.130005000000011
775,2018-01-30,241.110001,246.419998,238.410004,242.720001,242.720001,14270800,235.6920028,210.03000062000004,1,245.800003,3.0800020000000075
776,2018-01-31,245.770004,249.270004,244.449997,245.800003,245.800003,11964400,237.800003,210.71380065999998,1,240.5,-5.300003000000004
777,2018-02-01,238.520004,246.899994,238.059998,240.5,240.5,12980600,239.40600280000004,211.29660064000004,1,233.520004,-6.979996
778,2018-02-02,237.0,237.970001,231.169998,233.520004,233.520004,17961600,239.74700310000003,211.68540068000001,1,213.699997,-19.820007000000004
779,2018-02-05,227.0,233.229996,205.0,213.699997,213.699997,28869000,237.74800259999998,211.63840056,1,,
